#
#model:
#
#<?xml version="1.0" encoding="UTF-8" standalone="no"?><input id="posterior" spec="beast.base.inference.CompoundDistribution">
#    <distribution id="prior" spec="beast.base.inference.CompoundDistribution">
#        <distribution id="CoalescentConstant.t:MAFFT_aligned" spec="beast.base.evolution.tree.coalescent.Coalescent">
#            <populationModel id="ConstantPopulation.t:MAFFT_aligned" spec="beast.base.evolution.tree.coalescent.ConstantPopulation">
#                <parameter id="popSize.t:MAFFT_aligned" lower="0.0" name="popSize" spec="beast.base.inference.parameter.RealParameter">0.3</parameter>
#            </populationModel>
#            <treeIntervals id="TreeIntervals.t:MAFFT_aligned" spec="beast.base.evolution.tree.TreeIntervals">
#                <tree id="Tree.t:MAFFT_aligned" spec="beast.base.evolution.tree.Tree">
#                    <taxonset id="TaxonSet.MAFFT_aligned" spec="beast.base.evolution.alignment.TaxonSet">
#                    </taxonset>
#                </tree>
#            </treeIntervals>
#        </distribution>
#        <prior id="FrequenciesPrior.s:MAFFT_aligned" name="distribution">
#            <parameter dimension="4" id="freqParameter.s:MAFFT_aligned" lower="0.0" name="x" spec="beast.base.inference.parameter.RealParameter" upper="1.0">0.25</parameter>
#            <distr id="Dirichlet.0" spec="beast.base.inference.distribution.Dirichlet">
#                <parameter dimension="4" estimate="false" id="RealParameter.13" name="alpha" spec="beast.base.inference.parameter.RealParameter">4.0 4.0 4.0 4.0</parameter>
#            </distr>
#        </prior>
#        <prior id="GammaShapePrior.s:MAFFT_aligned" name="distribution">
#            <parameter id="gammaShape.s:MAFFT_aligned" lower="0.1" name="x" spec="beast.base.inference.parameter.RealParameter">1.0</parameter>
#            <Exponential id="Exponential.0" name="distr">
#                <parameter estimate="false" id="RealParameter.0" name="mean" spec="beast.base.inference.parameter.RealParameter">1.0</parameter>
#            </Exponential>
#        </prior>
#        <prior id="PopSizePrior.t:MAFFT_aligned" name="distribution" x="@popSize.t:MAFFT_aligned">
#            <OneOnX id="OneOnX.1" name="distr"/>
#        </prior>
#        <prior id="PropInvariantPrior.s:MAFFT_aligned" name="distribution">
#            <parameter id="proportionInvariant.s:MAFFT_aligned" lower="0.0" name="x" spec="beast.base.inference.parameter.RealParameter" upper="1.0">0.0</parameter>
#            <Uniform id="Uniform.2" name="distr"/>
#        </prior>
#        <prior id="RateACPrior.s:MAFFT_aligned" name="distribution">
#            <parameter id="rateAC.s:MAFFT_aligned" lower="0.0" name="x" spec="beast.base.inference.parameter.RealParameter">1.0</parameter>
#            <Gamma id="Gamma.0" name="distr">
#                <parameter estimate="false" id="RealParameter.1" name="alpha" spec="beast.base.inference.parameter.RealParameter">0.05</parameter>
#                <parameter estimate="false" id="RealParameter.2" name="beta" spec="beast.base.inference.parameter.RealParameter">10.0</parameter>
#            </Gamma>
#        </prior>
#        <prior id="RateAGPrior.s:MAFFT_aligned" name="distribution">
#            <parameter id="rateAG.s:MAFFT_aligned" lower="0.0" name="x" spec="beast.base.inference.parameter.RealParameter">1.0</parameter>
#            <Gamma id="Gamma.1" name="distr">
#                <parameter estimate="false" id="RealParameter.3" name="alpha" spec="beast.base.inference.parameter.RealParameter">0.05</parameter>
#                <parameter estimate="false" id="RealParameter.4" name="beta" spec="beast.base.inference.parameter.RealParameter">20.0</parameter>
#            </Gamma>
#        </prior>
#        <prior id="RateATPrior.s:MAFFT_aligned" name="distribution">
#            <parameter id="rateAT.s:MAFFT_aligned" lower="0.0" name="x" spec="beast.base.inference.parameter.RealParameter">1.0</parameter>
#            <Gamma id="Gamma.2" name="distr">
#                <parameter estimate="false" id="RealParameter.5" name="alpha" spec="beast.base.inference.parameter.RealParameter">0.05</parameter>
#                <parameter estimate="false" id="RealParameter.6" name="beta" spec="beast.base.inference.parameter.RealParameter">10.0</parameter>
#            </Gamma>
#        </prior>
#        <prior id="RateCGPrior.s:MAFFT_aligned" name="distribution">
#            <parameter id="rateCG.s:MAFFT_aligned" lower="0.0" name="x" spec="beast.base.inference.parameter.RealParameter">1.0</parameter>
#            <Gamma id="Gamma.3" name="distr">
#                <parameter estimate="false" id="RealParameter.7" name="alpha" spec="beast.base.inference.parameter.RealParameter">0.05</parameter>
#                <parameter estimate="false" id="RealParameter.8" name="beta" spec="beast.base.inference.parameter.RealParameter">10.0</parameter>
#            </Gamma>
#        </prior>
#        <prior id="RateGTPrior.s:MAFFT_aligned" name="distribution">
#            <parameter id="rateGT.s:MAFFT_aligned" lower="0.0" name="x" spec="beast.base.inference.parameter.RealParameter">1.0</parameter>
#            <Gamma id="Gamma.5" name="distr">
#                <parameter estimate="false" id="RealParameter.11" name="alpha" spec="beast.base.inference.parameter.RealParameter">0.05</parameter>
#                <parameter estimate="false" id="RealParameter.12" name="beta" spec="beast.base.inference.parameter.RealParameter">10.0</parameter>
#            </Gamma>
#        </prior>
#    </distribution>
#    <distribution id="likelihood" spec="beast.base.inference.CompoundDistribution" useThreads="true">
#        <distribution data="@MAFFT_aligned" id="treeLikelihood.MAFFT_aligned" spec="beast.base.evolution.likelihood.ThreadedTreeLikelihood" tree="@Tree.t:MAFFT_aligned">
#            <siteModel gammaCategoryCount="4" id="SiteModel.s:MAFFT_aligned" proportionInvariant="@proportionInvariant.s:MAFFT_aligned" shape="@gammaShape.s:MAFFT_aligned" spec="beast.base.evolution.sitemodel.SiteModel">
#                <parameter estimate="false" id="mutationRate.s:MAFFT_aligned" lower="0.0" name="mutationRate" spec="beast.base.inference.parameter.RealParameter">1.0</parameter>
#                <substModel id="gtr.s:MAFFT_aligned" rateAC="@rateAC.s:MAFFT_aligned" rateAG="@rateAG.s:MAFFT_aligned" rateAT="@rateAT.s:MAFFT_aligned" rateCG="@rateCG.s:MAFFT_aligned" rateGT="@rateGT.s:MAFFT_aligned" spec="beast.base.evolution.substitutionmodel.GTR">
#                    <parameter estimate="false" id="rateCT.s:MAFFT_aligned" lower="0.0" name="rateCT" spec="beast.base.inference.parameter.RealParameter">1.0</parameter>
#                    <frequencies frequencies="@freqParameter.s:MAFFT_aligned" id="estimatedFreqs.s:MAFFT_aligned" spec="beast.base.evolution.substitutionmodel.Frequencies"/>
#                </substModel>
#            </siteModel>
#            <branchRateModel id="StrictClock.c:MAFFT_aligned" spec="beast.base.evolution.branchratemodel.StrictClockModel">
#                <parameter estimate="false" id="clockRate.c:MAFFT_aligned" lower="0.0" name="clock.rate" spec="beast.base.inference.parameter.RealParameter">1.0</parameter>
#            </branchRateModel>
#        </distribution>
#    </distribution>
#</input>
#
Sample	posterior	likelihood	prior	treeLikelihood	Tree.height	Tree.treeLength	rateAC	rateAG	rateAT	rateCG	rateGT	freqParameter.1	freqParameter.2	freqParameter.3	freqParameter.4	proportionInvariant	gammaShape	popSize	CoalescentConstant
0	-23362.213553221278	-23307.625949786183	-54.587603435095716	-23307.625949786183	6.715519133586493	16.6787390995964	1.0	1.0	1.0	1.0	1.0	0.25	0.25	0.25	0.25	0.0	1.0	0.3	-42.98357777537648
1000	-10819.292070537349	-10818.481036395928	-0.8110341414207585	-10818.481036395928	0.1982321426276385	0.8798669581444372	1.0	1.0	1.0	1.0	0.596540280831363	0.25	0.25	0.25	0.25	0.0	1.0	0.19849359342501505	9.848841810861128
2000	-10052.285802669086	-10067.195033924192	14.909231255105844	-10067.195033924192	0.0687065863394926	0.34149240688434823	1.0	1.0	0.4673177758644592	1.0	0.596540280831363	0.25	0.25	0.25	0.25	0.0	1.0	0.06099775658649983	23.61321074556939
3000	-9931.023183245752	-9943.153671421598	12.130488175846324	-9943.153671421598	0.08180286749774168	0.40081357255065336	1.0	1.0	0.4673177758644592	1.0	0.596540280831363	0.25	0.25	0.25	0.25	0.0	1.0	0.11405619810060313	21.460321872804894
4000	-9842.771224811226	-9857.164031586	14.392806774775345	-9857.164031586	0.07657398020620018	0.3901406669621116	0.5962253209458379	1.0	0.4673177758644592	1.0	0.596540280831363	0.25	0.25	0.25	0.25	0.0	1.0	0.06994451847942995	22.70199424905804
5000	-9820.723558533231	-9836.864978177144	16.14141964391257	-9836.864978177144	0.07314981937363516	0.3674268442743247	0.5962253209458379	1.0	0.4673177758644592	1.0	0.596540280831363	0.25	0.25	0.25	0.25	0.0	0.7984004577695218	0.06614983198300514	24.193227591952734
6000	-9816.759479185117	-9832.920841398296	16.1613622131785	-9832.920841398296	0.07487176842190686	0.3737766419244343	0.5962253209458379	1.0	0.4673177758644592	1.0	0.596540280831363	0.25	0.25	0.25	0.25	0.0	0.7984004577695218	0.06614983198300514	24.213170161218663
7000	-9795.072027509977	-9810.836991752367	15.764964242389045	-9810.836991752367	0.07861697766877274	0.3895974277884563	0.2576849114676343	1.0	0.4673177758644592	1.0	0.596540280831363	0.25	0.25	0.25	0.25	0.0	0.7984004577695218	0.0823559953780265	23.205110025021316
8000	-9792.761643653903	-9808.406642582586	15.644998928682256	-9808.406642582586	0.07490472183416663	0.38972699737471067	0.2576849114676343	1.0	0.4673177758644592	1.0	0.596540280831363	0.25	0.25	0.25	0.25	0.0	0.7984004577695218	0.06487204342555279	22.846510220767577
9000	-9781.471311376075	-9795.602969245354	14.13165786927907	-9795.602969245354	0.08063914218919384	0.4070464102470988	0.2576849114676343	1.0	0.4673177758644592	1.0	0.596540280831363	0.25838278590313096	0.25	0.24161721409686904	0.25	0.0	0.7984004577695218	0.04495732491311674	20.969841009271526
10000	-9758.674617800196	-9772.852762176195	14.178144375999477	-9772.852762176195	0.07918354482247239	0.39160772914482184	0.2576849114676343	1.0	0.4673177758644592	1.0	0.596540280831363	0.25838278590313096	0.25	0.24161721409686904	0.25	0.0	0.5240751370649515	0.11955418204752662	21.720058165604957
11000	-9730.949110082962	-9747.454533228993	16.505423146031404	-9747.454533228993	0.08478963636313071	0.41128281498201263	0.2576849114676343	1.0	0.3262137992104282	1.0	0.596540280831363	0.25838278590313096	0.25	0.24161721409686904	0.25	0.0	0.5240751370649515	0.06843766686200985	23.133896549800568
12000	-9730.548428424776	-9745.411218746038	14.862790321261528	-9745.411218746038	0.08536610224790654	0.424767927009204	0.2576849114676343	1.0	0.3262137992104282	1.0	0.596540280831363	0.25838278590313096	0.25	0.24161721409686904	0.25	0.0	0.5240751370649515	0.08943976307128162	21.75890572723564
13000	-9657.804012958883	-9674.034022917665	16.230009958782574	-9674.034022917665	0.08463621327438459	0.4041880636865983	0.2576849114676343	1.5395012664072483	0.3262137992104282	1.0	0.596540280831363	0.25838278590313096	0.244678863268831	0.24693835082803803	0.25	0.0	0.5240751370649515	0.05989767431934112	23.16124932002412
14000	-9630.486796864037	-9646.450411294305	15.963614430267711	-9646.450411294305	0.08108131416248811	0.3921851055864335	0.2576849114676343	2.334948024096148	0.3262137992104282	1.0	0.596540280831363	0.25838278590313096	0.244678863268831	0.24693835082803803	0.25	0.0	0.5240751370649515	0.06842744141578451	23.463466949917063
15000	-9623.947508041443	-9639.659543370011	15.712035328568653	-9639.659543370011	0.07674313046438482	0.3876868251453529	0.2576849114676343	2.334948024096148	0.3262137992104282	1.0	0.596540280831363	0.25838278590313096	0.244678863268831	0.24693835082803803	0.25	0.0	0.5240751370649515	0.08114612429251067	23.382365446779083
16000	-9564.12580256402	-9579.610158598434	15.484356034413487	-9579.610158598434	0.07897528775598384	0.4061893225082678	0.2576849114676343	2.334948024096148	0.3262137992104282	0.5352944404482819	0.596540280831363	0.25838278590313096	0.244678863268831	0.24693835082803803	0.25	0.0	0.327576936617965	0.08068830630792109	22.312368113603654
17000	-9557.996403669582	-9575.160370903803	17.163967234220188	-9575.160370903803	0.0752504175387108	0.37128479767275646	0.2576849114676343	2.334948024096148	0.3262137992104282	0.5352944404482819	0.596540280831363	0.25838278590313096	0.244678863268831	0.24693835082803803	0.25	0.0	0.327576936617965	0.0660244991981533	23.79141152500229
18000	-9563.82246640035	-9578.351466563361	14.529000163010267	-9578.351466563361	0.07976057490367264	0.4074835227849322	0.2576849114676343	2.334948024096148	0.3262137992104282	0.5352944404482819	0.596540280831363	0.25838278590313096	0.244678863268831	0.24693835082803803	0.25	0.0	0.327576936617965	0.1036144375169501	21.60709525905923
19000	-9562.576663372525	-9578.358766039155	15.782102666630216	-9578.358766039155	0.08176145105919133	0.40326871196191355	0.2576849114676343	2.334948024096148	0.3262137992104282	0.5352944404482819	0.596540280831363	0.25838278590313096	0.244678863268831	0.24693835082803803	0.25	0.0	0.19667331920245792	0.04958687872173741	21.992343723709077
20000	-9552.704423066933	-9568.87665188133	16.17222881439733	-9568.87665188133	0.08369498627176614	0.4003643329393056	0.2576849114676343	2.334948024096148	0.3262137992104282	0.5352944404482819	0.596540280831363	0.26299060381341854	0.244678863268831	0.24233053291775047	0.25	0.0	0.19667331920245792	0.08030668717139786	22.868076293503897
21000	-9547.68458470429	-9565.660991343595	17.97640663930465	-9565.660991343595	0.0735909840918188	0.362063075293673	0.2576849114676343	2.334948024096148	0.3262137992104282	0.5352944404482819	0.596540280831363	0.26299060381341854	0.244678863268831	0.24233053291775047	0.25	0.0	0.19667331920245792	0.0663444848628025	24.48126185900994
22000	-9549.962418238762	-9565.800649380171	15.838231141409132	-9565.800649380171	0.08558415382137512	0.4128947017344888	0.2576849114676343	2.334948024096148	0.3262137992104282	0.5352944404482819	0.596540280831363	0.26299060381341854	0.244678863268831	0.24233053291775047	0.25	0.0	0.19667331920245792	0.08857216272432906	22.632043343450487
23000	-9549.09113122073	-9564.53561842877	15.44448720804074	-9564.53561842877	0.08177593218956769	0.42275676164564446	0.2576849114676343	2.334948024096148	0.3262137992104282	0.5352944404482819	0.596540280831363	0.26299060381341854	0.244678863268831	0.24233053291775047	0.25	0.0	0.19667331920245792	0.0713550972149416	22.022150573273453
24000	-9529.659265462446	-9543.792687206836	14.133421744391569	-9543.792687206836	0.08540439781262171	0.4286939176227853	0.2576849114676343	2.334948024096148	0.3262137992104282	0.206156107565622	0.596540280831363	0.26299060381341854	0.244678863268831	0.24233053291775047	0.25	0.0	0.19667331920245792	0.1280487904527415	20.356439759407316
25000	-9518.662481952848	-9536.008747173448	17.34626522059908	-9536.008747173448	0.08318516582263075	0.40567836756056685	0.2576849114676343	2.334948024096148	0.3262137992104282	0.206156107565622	0.596540280831363	0.26299060381341854	0.244678863268831	0.24233053291775047	0.25	0.0	0.19667331920245792	0.05343034011359432	22.695250620453738
26000	-9523.149222559621	-9539.998168366952	16.848945807330388	-9539.998168366952	0.09012370863666916	0.429287931551577	0.2576849114676343	2.334948024096148	0.3262137992104282	0.206156107565622	0.596540280831363	0.26299060381341854	0.244678863268831	0.24233053291775047	0.25	0.0	0.19667331920245792	0.07752785918246836	22.570189800729786
27000	-9526.942744785945	-9540.225681649006	13.282936863061554	-9540.225681649006	0.08151136192008634	0.4086004859414035	0.35691129401603783	2.334948024096148	0.3262137992104282	0.08820896828242927	0.596540280831363	0.26299060381341854	0.244678863268831	0.24233053291775047	0.25	0.0	0.19667331920245792	0.16082153142928077	19.23495011536241
28000	-9515.157568778992	-9534.137896847	18.98032806800806	-9534.137896847	0.06995424811882939	0.35218102291875775	0.35691129401603783	2.334948024096148	0.3262137992104282	0.08820896828242927	0.596540280831363	0.26299060381341854	0.244678863268831	0.24233053291775047	0.25	0.0	0.19667331920245792	0.04196569490346232	23.58889856712221
29000	-9507.230917839463	-9525.173707227876	17.942789388413818	-9525.173707227876	0.07819885153924303	0.3950791550656251	0.35691129401603783	2.334948024096148	0.3262137992104282	0.08820896828242927	0.596540280831363	0.26694237796079645	0.2407270891214531	0.24233053291775047	0.25	0.0	0.19667331920245792	0.06120801625149735	22.932890124644487
30000	-9505.16383665194	-9523.127430896677	17.963594244735926	-9523.127430896677	0.08615010353315482	0.4131301318602342	0.35691129401603783	2.334948024096148	0.3262137992104282	0.08820896828242927	0.596540280831363	0.26694237796079645	0.2407270891214531	0.24233053291775047	0.25	0.0	0.19667331920245792	0.0567775077000094	22.878557071629313
31000	-9507.466479607785	-9523.92753744388	16.461057836094586	-9523.92753744388	0.0888304377141072	0.43972379200007605	0.35691129401603783	2.334948024096148	0.3262137992104282	0.08820896828242927	0.596540280831363	0.26694237796079645	0.2407270891214531	0.24233053291775047	0.25	0.0	0.19667331920245792	0.060090010246532766	21.432724015748697
32000	-9510.907781151358	-9527.46340225135	16.55562109999096	-9527.46340225135	0.08842878213718867	0.43275976081526896	0.35691129401603783	2.334948024096148	0.3262137992104282	0.08820896828242927	0.596540280831363	0.26694237796079645	0.2407270891214531	0.24233053291775047	0.25	0.0	0.19667331920245792	0.08301750811714677	21.850495197501562
33000	-9481.973247455388	-9501.25222486305	19.278977407662417	-9501.25222486305	0.07827487388215434	0.37791075738780094	0.35691129401603783	2.334948024096148	0.3262137992104282	0.08820896828242927	0.4214466552772774	0.26694237796079645	0.2407270891214531	0.24233053291775047	0.25	0.0	0.19667331920245792	0.06838069075960715	24.032300222010843
34000	-9482.402435146325	-9500.140084622697	17.737649476371253	-9500.140084622697	0.08080860125771211	0.39652186985463866	0.35691129401603783	2.334948024096148	0.3262137992104282	0.08820896828242927	0.4214466552772774	0.26694237796079645	0.2407270891214531	0.24233053291775047	0.25	0.0	0.19667331920245792	0.08477375618382203	22.705867820716144
35000	-9485.449959281425	-9501.160541000518	15.710581719093227	-9501.160541000518	0.08189941113998081	0.40487411792449157	0.35691129401603783	2.334948024096148	0.3262137992104282	0.08820896828242927	0.4214466552772774	0.26694237796079645	0.2407270891214531	0.24233053291775047	0.25	0.0	0.19667331920245792	0.12471951867460992	21.064881412997362
36000	-9483.786773657916	-9501.871209999108	18.08443634119189	-9501.871209999108	0.08639036863645119	0.4139452992524843	0.35691129401603783	2.334948024096148	0.3262137992104282	0.08820896828242927	0.4214466552772774	0.26694237796079645	0.2407270891214531	0.24233053291775047	0.25	0.0	0.19667331920245792	0.05778851578649615	22.66945873672393
37000	-9485.708803004201	-9503.632969364593	17.92416636039188	-9503.632969364593	0.08557595388822033	0.40643144959426214	0.35691129401603783	2.334948024096148	0.3262137992104282	0.08820896828242927	0.4214466552772774	0.26694237796079645	0.2407270891214531	0.24233053291775047	0.25	0.0	0.19667331920245792	0.08100739606845685	22.846939148792877
38000	-9481.47286174943	-9500.485678927947	19.012817178518382	-9500.485678927947	0.0801377224399703	0.3950334398628917	0.35691129401603783	2.334948024096148	0.3262137992104282	0.08820896828242927	0.4214466552772774	0.26694237796079645	0.2407270891214531	0.24233053291775047	0.25	0.0	0.19667331920245792	0.06725561202568413	23.749549972124495
39000	-9458.191301501889	-9476.514337237622	18.32303573573251	-9476.514337237622	0.08495841850554986	0.40659405422953676	0.35691129401603783	2.334948024096148	0.3262137992104282	0.08820896828242927	0.4214466552772774	0.2780369932901785	0.22963247379207105	0.24233053291775047	0.25	0.0	0.19667331920245792	0.05348131430927779	22.849987707967788
40000	-9458.148500666937	-9476.892108137923	18.743607470985538	-9476.892108137923	0.07937952855783978	0.3898336841373716	0.35691129401603783	2.334948024096148	0.3262137992104282	0.08820896828242927	0.4214466552772774	0.2780369932901785	0.22963247379207105	0.24233053291775047	0.25	0.0	0.19667331920245792	0.05293327933174713	23.260259355536615
41000	-9456.714245878691	-9475.940260472773	19.226014594081413	-9475.940260472773	0.07981506695582552	0.3888306077778814	0.35691129401603783	2.334948024096148	0.3262137992104282	0.08820896828242927	0.4214466552772774	0.2780369932901785	0.22963247379207105	0.24233053291775047	0.25	0.0	0.19667331920245792	0.05531051736395837	23.78659731652749
42000	-9459.139554744746	-9477.175127382345	18.03557263759911	-9477.175127382345	0.08424862566269464	0.41479619515809507	0.35691129401603783	2.334948024096148	0.3262137992104282	0.08820896828242927	0.4214466552772774	0.2780369932901785	0.22963247379207105	0.24233053291775047	0.25	0.0	0.19667331920245792	0.05622200519122101	22.612500513895476
43000	-9448.676953523873	-9467.663012883962	18.9860593600901	-9467.663012883962	0.07544363978613063	0.3839148301437907	0.35691129401603783	2.334948024096148	0.2220417964385188	0.08820896828242927	0.4214466552772774	0.2780369932901785	0.22963247379207105	0.24233053291775047	0.25	0.0	0.19667331920245792	0.07205440793562422	23.43523031579917
44000	-9450.838694779972	-9469.070348041407	18.231653261434833	-9469.070348041407	0.08740282512035766	0.4240217378752998	0.35691129401603783	2.334948024096148	0.2220417964385188	0.08820896828242927	0.4214466552772774	0.2780369932901785	0.22963247379207105	0.24233053291775047	0.25	0.0	0.19667331920245792	0.07000232462874767	22.65193116820698
45000	-9450.023636560409	-9467.288129469198	17.264492908788384	-9467.288129469198	0.0892882149526577	0.42954094255816416	0.35691129401603783	2.334948024096148	0.2220417964385188	0.08820896828242927	0.4214466552772774	0.2780369932901785	0.22963247379207105	0.24233053291775047	0.25	0.0	0.19667331920245792	0.09400768564042873	21.979618906140352
46000	-9452.555736535272	-9470.411090689082	17.85535415380957	-9470.411090689082	0.08074313389283777	0.38750864625266696	0.35691129401603783	2.334948024096148	0.2220417964385188	0.08820896828242927	0.4214466552772774	0.2780369932901785	0.22963247379207105	0.24233053291775047	0.25	0.0	0.19667331920245792	0.04341668477860369	21.79794741923247
47000	-9443.043970660321	-9462.328812047566	19.284841387245397	-9462.328812047566	0.07800174360681582	0.39106634059068623	0.35691129401603783	1.8167050880350515	0.2220417964385188	0.08820896828242927	0.4214466552772774	0.2780369932901785	0.22963247379207105	0.24233053291775047	0.25	0.0	0.19667331920245792	0.06255823576956439	23.328359687845808
48000	-9456.949910026211	-9473.46975088078	16.519840854568432	-9473.46975088078	0.08924180219639141	0.4371556345407512	0.35691129401603783	1.8167050880350515	0.2220417964385188	0.08820896828242927	0.4214466552772774	0.2780369932901785	0.22963247379207105	0.24233053291775047	0.25	0.0	0.19667331920245792	0.04640277518427329	20.264620527393365
49000	-9440.15774258766	-9459.624859054184	19.46711646652355	-9459.624859054184	0.07566507444431722	0.3798038221283969	0.35691129401603783	1.8167050880350515	0.2220417964385188	0.08820896828242927	0.4214466552772774	0.2780369932901785	0.22963247379207105	0.24233053291775047	0.25	0.0	0.24103013942251317	0.06135196983064498	23.535520970839425
50000	-9404.39490069096	-9423.675080658273	19.28017996731214	-9423.675080658273	0.08369480520927186	0.40289365368819735	0.35691129401603783	1.8167050880350515	0.2220417964385188	0.08820896828242927	0.4214466552772774	0.30192094983937817	0.21737888626680696	0.24233053291775047	0.23836963097606442	0.0	0.24103013942251317	0.06800998237421155	23.51180838008093
51000	-9405.74263283783	-9425.599463863722	19.85683102589302	-9425.599463863722	0.07547610000427539	0.37529112325420305	0.35691129401603783	1.8167050880350515	0.2220417964385188	0.08820896828242927	0.4214466552772774	0.30192094983937817	0.21737888626680696	0.24233053291775047	0.23836963097606442	0.0	0.24103013942251317	0.06993075102402561	24.116310425951365
52000	-9401.78389794217	-9418.828627953844	17.044730011673025	-9418.828627953844	0.08805622530942134	0.43799826122445457	0.35691129401603783	1.8167050880350515	0.2220417964385188	0.08820896828242927	0.4214466552772774	0.30192094983937817	0.21737888626680696	0.24233053291775047	0.23836963097606442	0.0	0.24103013942251317	0.09632540848093187	21.624436061575516
53000	-9397.858036074536	-9417.790825857464	19.932789782928676	-9417.790825857464	0.0800440307478501	0.3916281846617468	0.35691129401603783	1.3990343787440005	0.14424285231942813	0.08820896828242927	0.4214466552772774	0.30192094983937817	0.21737888626680696	0.24233053291775047	0.23836963097606442	0.0	0.24103013942251317	0.07552750005954728	23.582618092214357
54000	-9394.846231200447	-9413.250404561462	18.404173361014756	-9413.250404561462	0.08715448711529986	0.41726537768378313	0.35691129401603783	1.3990343787440005	0.14424285231942813	0.08820896828242927	0.4214466552772774	0.30192094983937817	0.20524759387796074	0.25446182530659667	0.23836963097606442	0.0	0.24103013942251317	0.04734090382701883	21.61260943364661
55000	-9398.106477685285	-9417.954095281824	19.847617596538836	-9417.954095281824	0.08685388075336926	0.4142525136904364	0.35691129401603783	1.3990343787440005	0.1276893905352141	0.06894125707720716	0.4214466552772774	0.30192094983937817	0.20524759387796074	0.25446182530659667	0.23836963097606442	0.0	0.24103013942251317	0.06455260212023434	23.01264334098816
56000	-9394.570313125554	-9415.23802296795	20.6677098423961	-9415.23802296795	0.08111490195304566	0.39181360481398714	0.35691129401603783	1.3990343787440005	0.1276893905352141	0.06894125707720716	0.4214466552772774	0.30192094983937817	0.20524759387796074	0.25446182530659667	0.23836963097606442	0.0	0.24103013942251317	0.06954935311947383	23.90729177604933
57000	-9344.933730555496	-9362.988408783971	18.054678228474433	-9362.988408783971	0.08441294499040519	0.4115781559789515	0.35691129401603783	1.3990343787440005	0.1276893905352141	0.06894125707720716	0.18756705379980396	0.31312509243378256	0.20524759387796074	0.24325768271219228	0.23836963097606442	0.0	0.24103013942251317	0.12311804637992174	21.098676185411627
58000	-9343.844124160043	-9363.765875477702	19.921751317659353	-9363.765875477702	0.08576141999197842	0.4221270512564471	0.35691129401603783	1.3990343787440005	0.1276893905352141	0.06894125707720716	0.18756705379980396	0.31312509243378256	0.20524759387796074	0.24325768271219228	0.23836963097606442	0.0	0.24103013942251317	0.06322016293952847	22.29922893692692
59000	-9340.561021887852	-9361.31086287764	20.749840989789423	-9361.31086287764	0.07945479765457751	0.39673805821073704	0.29064755061471603	1.3990343787440005	0.1276893905352141	0.06894125707720716	0.18756705379980396	0.31312509243378256	0.20524759387796074	0.24325768271219228	0.23836963097606442	0.0	0.24103013942251317	0.06976600356834191	23.02410867429632
60000	-9340.291224618726	-9360.821115357945	20.529890739218278	-9360.821115357945	0.08232023386484777	0.4066288900532349	0.24556600820750085	1.3990343787440005	0.1276893905352141	0.06894125707720716	0.18756705379980396	0.31312509243378256	0.20524759387796074	0.24325768271219228	0.23836963097606442	0.0	0.24103013942251317	0.05736656674342534	22.443846801920802
61000	-9338.09568908723	-9359.599896389185	21.504207301956548	-9359.599896389185	0.07755965619463852	0.3840002221645765	0.24556600820750085	1.3990343787440005	0.1276893905352141	0.06894125707720716	0.18756705379980396	0.31312509243378256	0.20524759387796074	0.24325768271219228	0.23836963097606442	0.0	0.24103013942251317	0.07713803098842265	23.714298119230527
62000	-9336.711195673957	-9357.462480679964	20.75128500600598	-9357.462480679964	0.08761123230686703	0.4270254019995987	0.24556600820750085	1.3990343787440005	0.10026261856646439	0.06894125707720716	0.18756705379980396	0.31312509243378256	0.20524759387796074	0.24325768271219228	0.23836963097606442	0.0	0.24103013942251317	0.0723693938715656	22.665102830520368
63000	-9338.907424217046	-9359.193652511294	20.286228294246953	-9359.193652511294	0.0863296654081327	0.42230357585371847	0.24556600820750085	1.3990343787440005	0.10026261856646439	0.06894125707720716	0.18756705379980396	0.31312509243378256	0.20524759387796074	0.24325768271219228	0.23836963097606442	0.0	0.24103013942251317	0.06871007182148862	22.148158439655358
64000	-9340.956490297673	-9359.873622592397	18.91713229472406	-9359.873622592397	0.09483479135394415	0.456062983012975	0.24556600820750085	1.3990343787440005	0.1354140087566757	0.06894125707720716	0.18756705379980396	0.31312509243378256	0.20524759387796074	0.24325768271219228	0.23836963097606442	0.0	0.24103013942251317	0.059059602022525796	20.916745616082643
65000	-9343.125263083572	-9364.68899885371	21.563735770137807	-9364.68899885371	0.0795875331708772	0.3943588633828188	0.24556600820750085	1.3990343787440005	0.07556378375376174	0.06894125707720716	0.18756705379980396	0.31312509243378256	0.20524759387796074	0.24325768271219228	0.23836963097606442	0.0	0.24103013942251317	0.08059219836551575	23.314027066954598
66000	-9346.409789137695	-9365.437814081084	19.02802494338954	-9365.437814081084	0.09149155025938559	0.44399240352963176	0.24556600820750085	1.3990343787440005	0.07556378375376174	0.06894125707720716	0.18756705379980396	0.31312509243378256	0.20524759387796074	0.24325768271219228	0.23836963097606442	0.0	0.24103013942251317	0.10828476924619967	21.07367889912228
67000	-9342.08221403921	-9361.974809608142	19.892595568931085	-9361.974809608142	0.09468771981662943	0.4580276925370717	0.24556600820750085	1.3990343787440005	0.07556378375376174	0.06894125707720716	0.13817297202605835	0.31312509243378256	0.20524759387796074	0.24325768271219228	0.23836963097606442	0.0	0.24103013942251317	0.07162444062212145	21.22963339547068
68000	-9337.930108109567	-9357.566257067432	19.636148957864407	-9357.566257067432	0.08601888176226583	0.4389684948550776	0.24556600820750085	1.3990343787440005	0.07556378375376174	0.06894125707720716	0.13817297202605835	0.31312509243378256	0.20524759387796074	0.24325768271219228	0.23836963097606442	0.0	0.24103013942251317	0.056544733127595045	20.736782480878677
69000	-9339.96884087102	-9360.738534932367	20.76969406134618	-9360.738534932367	0.08411200248716773	0.41709361695649666	0.3020552317036311	1.3990343787440005	0.07556378375376174	0.06894125707720716	0.13817297202605835	0.31312509243378256	0.20524759387796074	0.24325768271219228	0.23836963097606442	0.0	0.24103013942251317	0.07350397574733591	22.33497583988631
70000	-9344.541415677251	-9365.392828564913	20.85141288766131	-9365.392828564913	0.0881719183087706	0.41604636732275624	0.3020552317036311	1.3990343787440005	0.07556378375376174	0.06894125707720716	0.09112822417975575	0.31312509243378256	0.20524759387796074	0.24325768271219228	0.23836963097606442	0.0	0.24103013942251317	0.09826024927007708	22.306843446783017
71000	-9334.769013613157	-9355.273780986281	20.50476737312434	-9355.273780986281	0.08783656842703592	0.4387648440380695	0.3020552317036311	1.3990343787440005	0.07556378375376174	0.06894125707720716	0.09112822417975575	0.31312509243378256	0.20524759387796074	0.24325768271219228	0.23836963097606442	0.0	0.24103013942251317	0.07906144413481729	21.742803692683065
72000	-9342.304761499208	-9363.176418971043	20.87165747183475	-9363.176418971043	0.08407463890826056	0.41126413405255613	0.3020552317036311	1.3990343787440005	0.07556378375376174	0.13961522451099825	0.09112822417975575	0.31312509243378256	0.20524759387796074	0.24325768271219228	0.23836963097606442	0.0	0.24103013942251317	0.07213887121133764	22.695482567113633
73000	-9339.32950596687	-9358.95473655214	19.625230585268522	-9358.95473655214	0.09726651089601862	0.4580346038326031	0.3020552317036311	1.3990343787440005	0.07556378375376174	0.13961522451099825	0.09112822417975575	0.31312509243378256	0.20524759387796074	0.24325768271219228	0.23836963097606442	0.0	0.24103013942251317	0.061929777833157756	21.296463779946734
74000	-9333.9699244747	-9354.666562249464	20.6966377747638	-9354.666562249464	0.08612893186945032	0.42228876244097174	0.3020552317036311	0.9800928794434006	0.10534977746470427	0.13961522451099825	0.09112822417975575	0.31312509243378256	0.19886012087678298	0.24964515571337004	0.23836963097606442	0.0	0.24103013942251317	0.07995341882317179	22.60003172490754
75000	-9326.557109707646	-9347.305536083999	20.748426376353038	-9347.305536083999	0.09001949052419285	0.4373241280319765	0.20320017471735294	0.9800928794434006	0.10534977746470427	0.13961522451099825	0.09112822417975575	0.31312509243378256	0.19886012087678298	0.24964515571337004	0.23836963097606442	0.0	0.24103013942251317	0.06903216665944904	22.11846580387651
76000	-9323.527684912666	-9344.213264310523	20.685579397857506	-9344.213264310523	0.08152192887332485	0.40025773223831673	0.20320017471735294	0.9800928794434006	0.10534977746470427	0.13961522451099825	0.09112822417975575	0.31312509243378256	0.20591884889633535	0.24964515571337004	0.23131090295651205	0.0	0.24103013942251317	0.09932417007410242	22.404973235942794
77000	-9328.898418348337	-9350.765103967591	21.866685619253747	-9350.765103967591	0.07863048040899258	0.38067460725972535	0.20320017471735294	0.9800928794434006	0.10534977746470427	0.13961522451099825	0.09112822417975575	0.31312509243378256	0.20591884889633535	0.24964515571337004	0.23131090295651205	0.0	0.24103013942251317	0.08651467716202	23.448004589050722
78000	-9331.94339929145	-9347.868242885663	15.924843594213613	-9347.868242885663	0.08693000713474824	0.43683044157944073	0.20320017471735294	0.9800928794434006	0.10534977746470427	0.13961522451099825	0.09112822417975575	0.31312509243378256	0.20591884889633535	0.24964515571337004	0.23131090295651205	0.0	0.24103013942251317	0.17415959120770846	18.205820555993743
79000	-9342.328539062084	-9359.927181503766	17.598642441682586	-9359.927181503766	0.08015546338196564	0.4022395014426624	0.24822077991044902	0.9800928794434006	0.10534977746470427	0.13961522451099825	0.09112822417975575	0.31312509243378256	0.20591884889633535	0.24964515571337004	0.23131090295651205	0.0	0.24103013942251317	0.14672203427101538	19.902809933048104
80000	-9335.231108105398	-9355.560241555904	20.329133450506806	-9355.560241555904	0.08824016401642838	0.4264162337290888	0.24822077991044902	0.9800928794434006	0.10534977746470427	0.13961522451099825	0.09112822417975575	0.31312509243378256	0.20591884889633535	0.24964515571337004	0.23131090295651205	0.0	0.24103013942251317	0.09279551609310696	22.175159389135047
81000	-9332.039538669045	-9351.963778189811	19.924239520765607	-9351.963778189811	0.09063806645812857	0.4450127492868315	0.1604207731288724	0.9800928794434006	0.10534977746470427	0.13961522451099825	0.09112822417975575	0.31312509243378256	0.2161252182578056	0.2394387863518998	0.23131090295651205	0.0	0.24103013942251317	0.05517294405748582	20.806968163280434
82000	-9318.80993733047	-9338.730358697707	19.920421367237278	-9338.730358697707	0.09602295247397011	0.4763414842186436	0.1604207731288724	0.9800928794434006	0.10534977746470427	0.08999296899262918	0.09112822417975575	0.3266844286576586	0.2161252182578056	0.22587945012802374	0.23131090295651205	0.0	0.24103013942251317	0.0757672690593771	20.745894094518817
83000	-9313.123316137922	-9334.326610988426	21.203294850504527	-9334.326610988426	0.0900889459734157	0.43888363320779367	0.1604207731288724	0.9800928794434006	0.10534977746470427	0.08999296899262918	0.09112822417975575	0.3266844286576586	0.2161252182578056	0.22587945012802374	0.23131090295651205	0.0	0.24103013942251317	0.0737050093474728	22.001171951319595
84000	-9313.240100653473	-9334.42880782585	21.188707172376972	-9334.42880782585	0.08774025101188583	0.4323075738303831	0.1604207731288724	0.9800928794434006	0.10534977746470427	0.08999296899262918	0.09112822417975575	0.3266844286576586	0.2161252182578056	0.23522172142135964	0.22196863166317615	0.0	0.24103013942251317	0.0672054224073202	21.896365997185445
85000	-9316.937619837663	-9337.946450326532	21.008830488868067	-9337.946450326532	0.09381337876372223	0.439820902297131	0.1604207731288724	0.9800928794434006	0.10534977746470427	0.08999296899262918	0.09112822417975575	0.3266844286576586	0.2161252182578056	0.23522172142135964	0.22196863166317615	0.0	0.24103013942251317	0.064338832320094	21.67289875187964
86000	-9318.571570278036	-9339.706703963719	21.13513368568276	-9339.706703963719	0.08869106205363292	0.4302727916057578	0.1604207731288724	0.9800928794434006	0.10534977746470427	0.08999296899262918	0.06198141335877702	0.3266844286576586	0.2161252182578056	0.23522172142135964	0.22196863166317615	0.0	0.24103013942251317	0.09267429521624305	21.795053673382824
87000	-9297.843798881155	-9318.764982507912	20.921183626756328	-9318.764982507912	0.08488934195501088	0.4301755493057075	0.1604207731288724	0.9800928794434006	0.10534977746470427	0.08999296899262918	0.06198141335877702	0.3406891474653157	0.2021204994501485	0.23522172142135964	0.22196863166317615	0.0	0.24103013942251317	0.09100277087045462	21.637956686020914
88000	-9301.941595737922	-9321.780926977612	19.83933123968883	-9321.780926977612	0.09190241036699098	0.44053451847327896	0.1604207731288724	0.9800928794434006	0.10534977746470427	0.08999296899262918	0.10936508470388105	0.3406891474653157	0.2021204994501485	0.23522172142135964	0.22196863166317615	0.0	0.24103013942251317	0.10724303441444455	21.26451459374731
89000	-9299.437859554835	-9320.021879954988	20.584020400152937	-9320.021879954988	0.0853214748899258	0.4186403573416571	0.1604207731288724	0.9800928794434006	0.10534977746470427	0.08999296899262918	0.10936508470388105	0.3406891474653157	0.2021204994501485	0.23522172142135964	0.22196863166317615	0.0	0.24103013942251317	0.10084562556782481	21.947697033527685
90000	-9299.289718821017	-9317.136289706836	17.846570885818753	-9317.136289706836	0.09309246791059411	0.4433672298749075	0.1604207731288724	0.9800928794434006	0.10534977746470427	0.08999296899262918	0.10936508470388105	0.3406891474653157	0.2021204994501485	0.23522172142135964	0.22196863166317615	0.0	0.24103013942251317	0.1458811357286884	19.57944878263566
91000	-9297.870051895296	-9317.270274129649	19.40022223435351	-9317.270274129649	0.09486214241518781	0.46084901264461836	0.1604207731288724	0.9800928794434006	0.10534977746470427	0.08999296899262918	0.10936508470388105	0.3406891474653157	0.2021204994501485	0.23522172142135964	0.22196863166317615	0.0	0.24103013942251317	0.052162063901286686	20.10466346539291
92000	-9303.301675927953	-9322.13984031346	18.838164385508552	-9322.13984031346	0.09609013190377674	0.4684048113336161	0.1604207731288724	0.9800928794434006	0.10534977746470427	0.08999296899262918	0.10936508470388105	0.3406891474653157	0.2021204994501485	0.23522172142135964	0.22196863166317615	0.0	0.24103013942251317	0.1189309091945481	20.36679286054992
93000	-9296.215472130607	-9317.913145972401	21.697673841793907	-9317.913145972401	0.08384556068667341	0.4128845625887584	0.1604207731288724	0.9800928794434006	0.10534977746470427	0.08999296899262918	0.10936508470388105	0.3406891474653157	0.2021204994501485	0.23522172142135964	0.22196863166317615	0.0	0.24103013942251317	0.07570239095714328	22.774569331921327
94000	-9296.340912597034	-9317.349344571983	21.008431974950216	-9317.349344571983	0.09176005351193889	0.4474254269537082	0.1604207731288724	0.9800928794434006	0.10534977746470427	0.055168417917341166	0.10936508470388105	0.3406891474653157	0.2021204994501485	0.23522172142135964	0.22196863166317615	0.0	0.24103013942251317	0.07023953445690648	21.54207273692648
95000	-9298.243882349372	-9320.73165033076	22.48776798138631	-9320.73165033076	0.08067493919130117	0.40283444656813	0.1604207731288724	0.9800928794434006	0.10534977746470427	0.055168417917341166	0.10936508470388105	0.3406891474653157	0.1952021026690652	0.24214011820244294	0.22196863166317615	0.0	0.24103013942251317	0.07344894070403357	23.08360973544084
96000	-9294.79842705431	-9316.225098403296	21.426671348986034	-9316.225098403296	0.0898818707508548	0.4347006558152591	0.1604207731288724	0.9800928794434006	0.10534977746470427	0.055168417917341166	0.10936508470388105	0.3406891474653157	0.1952021026690652	0.24214011820244294	0.22196863166317615	0.0	0.24103013942251317	0.06582602296084826	21.912937868400164
97000	-9296.30792433002	-9318.17081645571	21.86289212569045	-9318.17081645571	0.08261974564009297	0.4129956002295254	0.1604207731288724	0.9800928794434006	0.10534977746470427	0.055168417917341166	0.10936508470388105	0.3406891474653157	0.1952021026690652	0.24214011820244294	0.22196863166317615	0.0	0.24103013942251317	0.06385180946356127	22.31870832059535
98000	-9300.829773320536	-9321.817390750692	20.987617430156067	-9321.817390750692	0.08715482213610384	0.4227426932005008	0.1604207731288724	0.9800928794434006	0.10534977746470427	0.055168417917341166	0.10936508470388105	0.3406891474653157	0.18382001853327248	0.24214011820244294	0.23335071579896888	0.0	0.24103013942251317	0.04622938639874014	21.150699949505462
99000	-9299.113737706868	-9320.025844414798	20.912106707929954	-9320.025844414798	0.10188230003111354	0.47703849970343054	0.1604207731288724	0.9800928794434006	0.10534977746470427	0.055168417917341166	0.10936508470388105	0.3406891474653157	0.18382001853327248	0.24214011820244294	0.23335071579896888	0.0	0.24103013942251317	0.06778027542242415	21.45784479180811
100000	-9300.376372352357	-9316.658707815775	16.282335463417915	-9316.658707815775	0.09779487540446681	0.44850446797315024	0.1604207731288724	0.9800928794434006	0.08171892157223548	0.055168417917341166	0.10936508470388105	0.3406891474653157	0.18382001853327248	0.24214011820244294	0.23335071579896888	0.0	0.24103013942251317	0.19016943491557634	17.616054237620183
101000	-9297.225641371788	-9317.761815474621	20.53617410283407	-9317.761815474621	0.09103154356734754	0.43738330856577307	0.25225321488523944	0.9800928794434006	0.08171892157223548	0.055168417917341166	0.10936508470388105	0.3406891474653157	0.18382001853327248	0.24214011820244294	0.23335071579896888	0.0	0.24103013942251317	0.09654486242114446	21.63117002781778
102000	-9295.872955239447	-9317.491493163123	21.618537923675344	-9317.491493163123	0.08238386057756801	0.41080241470643014	0.25225321488523944	0.9800928794434006	0.08171892157223548	0.055168417917341166	0.10936508470388105	0.3406891474653157	0.18382001853327248	0.24214011820244294	0.23335071579896888	0.0	0.24103013942251317	0.06898078944152235	22.377354104730607
103000	-9294.857411653487	-9316.15393980605	21.29652815256394	-9316.15393980605	0.09340887630102582	0.44337019095939806	0.25225321488523944	0.9800928794434006	0.08171892157223548	0.055168417917341166	0.09347274476503643	0.3406891474653157	0.18382001853327248	0.24214011820244294	0.23335071579896888	0.0	0.24103013942251317	0.05624552658066074	21.70048285530271
104000	-9292.749955560312	-9314.516557480241	21.766601919930107	-9314.516557480241	0.08285838490771644	0.4070122336186438	0.25225321488523944	0.9800928794434006	0.08171892157223548	0.055168417917341166	0.09347274476503643	0.3406891474653157	0.18382001853327248	0.24214011820244294	0.23335071579896888	0.0	0.24103013942251317	0.05269276870028403	22.105308342020646
105000	-9294.466313900335	-9316.418699943382	21.95238604304743	-9316.418699943382	0.08409788111064974	0.41336182488360446	0.25225321488523944	0.9800928794434006	0.08171892157223548	0.055168417917341166	0.09347274476503643	0.3406891474653157	0.18382001853327248	0.24214011820244294	0.23335071579896888	0.0	0.24103013942251317	0.06906153079346568	22.56161209317289
106000	-9297.088664613395	-9317.614005852578	20.525341239183398	-9317.614005852578	0.09997952241200941	0.4724003147011773	0.25225321488523944	0.9800928794434006	0.08171892157223548	0.055168417917341166	0.06370444090844717	0.3406891474653157	0.18382001853327248	0.24214011820244294	0.23335071579896888	0.0	0.24103013942251317	0.05896644658400409	20.60931634430314
107000	-9296.415020965333	-9317.028648069789	20.61362710445553	-9317.028648069789	0.08554767462385328	0.4178812173046077	0.25225321488523944	0.9800928794434006	0.08171892157223548	0.055168417917341166	0.06370444090844717	0.3406891474653157	0.18382001853327248	0.24214011820244294	0.23335071579896888	0.0	0.24103013942251317	0.04514832289049771	20.430586763298532
108000	-9293.357150169473	-9315.263136440593	21.90598627112015	-9315.263136440593	0.08191782940922265	0.40415255143394535	0.25225321488523944	0.9800928794434006	0.08171892157223548	0.07250324265936171	0.06370444090844717	0.3406891474653157	0.18382001853327248	0.24214011820244294	0.23335071579896888	0.0	0.24103013942251317	0.048007115971246316	22.045654132852484
109000	-9294.672507437655	-9316.363399521393	21.69089208373771	-9316.363399521393	0.08731275530880211	0.43144719556080474	0.25225321488523944	0.9800928794434006	0.07383361668217986	0.07250324265936171	0.06370444090844717	0.3406891474653157	0.18382001853327248	0.24214011820244294	0.23335071579896888	0.0	0.24103013942251317	0.06484113268946808	22.033964468353897
110000	-9298.163654550677	-9320.427744053904	22.264089503227964	-9320.427744053904	0.08465110609147136	0.4124215960952447	0.25225321488523944	0.9800928794434006	0.07383361668217986	0.07250324265936171	0.06370444090844717	0.3406891474653157	0.18382001853327248	0.24214011820244294	0.23335071579896888	0.0	0.24103013942251317	0.081283947965606	22.833170277198903
111000	-9293.659271468021	-9315.821621542194	22.16235007417258	-9315.821621542194	0.09068577519846584	0.42717627154232185	0.25225321488523944	0.9800928794434006	0.07383361668217986	0.07250324265936171	0.08251831147799016	0.3406891474653157	0.18382001853327248	0.24214011820244294	0.23335071579896888	0.0	0.24103013942251317	0.061112993108386165	22.69391582926381
112000	-9292.565312119366	-9314.373793064156	21.808480944789764	-9314.373793064156	0.09062251668311816	0.42821269133126016	0.25225321488523944	0.9800928794434006	0.07383361668217986	0.07250324265936171	0.08251831147799016	0.3406891474653157	0.18382001853327248	0.24214011820244294	0.23335071579896888	0.0	0.24103013942251317	0.07170209382871955	22.499842152957104
113000	-9300.834646642721	-9321.070306768102	20.23566012538098	-9321.070306768102	0.09335262256557789	0.45299543013509586	0.25225321488523944	0.9800928794434006	0.07383361668217986	0.07250324265936171	0.08251831147799016	0.3406891474653157	0.18382001853327248	0.24214011820244294	0.23335071579896888	0.0	0.24103013942251317	0.09074905849665754	21.162599482135725
114000	-9297.531184320096	-9317.831588458688	20.300404138592945	-9317.831588458688	0.0988412046818509	0.4674791000898143	0.19052506249571444	0.9800928794434006	0.07383361668217986	0.07250324265936171	0.08251831147799016	0.3406891474653157	0.18382001853327248	0.24214011820244294	0.23335071579896888	0.0	0.24103013942251317	0.1024465739015922	21.075796840574085
115000	-9287.013163404097	-9307.825022627734	20.811859223637168	-9307.825022627734	0.09246708253331701	0.44670491038295607	0.19052506249571444	0.9800928794434006	0.07383361668217986	0.07250324265936171	0.08251831147799016	0.34816627603016315	0.18382001853327248	0.23466298963759552	0.23335071579896888	0.0	0.24103013942251317	0.05958106462999647	21.074217693403455
116000	-9288.674864423738	-9309.251621548752	20.576757125013817	-9309.251621548752	0.09709851019418894	0.4733592631129805	0.19052506249571444	0.721778017035891	0.07383361668217986	0.07250324265936171	0.08251831147799016	0.34816627603016315	0.18382001853327248	0.23466298963759552	0.23335071579896888	0.0	0.24103013942251317	0.09067511430609562	20.955511760579864
117000	-9286.620158525508	-9309.271142032077	22.650983506570643	-9309.271142032077	0.08578007801536205	0.4193467515397459	0.19052506249571444	0.721778017035891	0.07383361668217986	0.07250324265936171	0.08251831147799016	0.34816627603016315	0.18382001853327248	0.24870463586965683	0.21930906956690757	0.0	0.24103013942251317	0.058714648639368455	22.606979249734348
118000	-9279.34431205333	-9301.755018515587	22.41070646225631	-9301.755018515587	0.09149105530536317	0.42917170460671883	0.19052506249571444	0.721778017035891	0.07383361668217986	0.07250324265936171	0.08251831147799016	0.3612655821514876	0.17072071241194806	0.24870463586965683	0.21930906956690757	0.0	0.24103013942251317	0.06524227875274637	22.583105532972766
119000	-9281.906504779407	-9304.760064921476	22.85356014206921	-9304.760064921476	0.08699090241758706	0.4124950214573214	0.19052506249571444	0.721778017035891	0.07383361668217986	0.07250324265936171	0.08251831147799016	0.3612655821514876	0.17072071241194806	0.24870463586965683	0.21930906956690757	0.0	0.24103013942251317	0.06501046425209807	23.022399752308235
120000	-9280.524925469186	-9302.718081887742	22.193156418556136	-9302.718081887742	0.08225819398270745	0.4083423583719424	0.19052506249571444	0.721778017035891	0.07383361668217986	0.07250324265936171	0.08251831147799016	0.3612655821514876	0.17072071241194806	0.24870463586965683	0.21930906956690757	0.0	0.24103013942251317	0.08287303829192659	22.604757560903185
121000	-9283.964343606702	-9306.441195148618	22.47685154191699	-9306.441195148618	0.08650021951860962	0.41008308245329606	0.19052506249571444	0.721778017035891	0.07383361668217986	0.07250324265936171	0.08251831147799016	0.3612655821514876	0.17072071241194806	0.24870463586965683	0.21930906956690757	0.0	0.24103013942251317	0.07188993203582832	22.746279134327978
122000	-9280.18736192223	-9302.739002742834	22.551640820604693	-9302.739002742834	0.08605762316791242	0.42175728957430125	0.19052506249571444	0.721778017035891	0.07383361668217986	0.07250324265936171	0.08251831147799016	0.3612655821514876	0.17072071241194806	0.24870463586965683	0.21930906956690757	0.0	0.24103013942251317	0.06678218355000964	22.74736851705659
123000	-9279.259745695887	-9302.066128603885	22.806382907998067	-9302.066128603885	0.08635639571831394	0.4158206255268462	0.19052506249571444	0.721778017035891	0.07383361668217986	0.07250324265936171	0.08251831147799016	0.3612655821514876	0.17072071241194806	0.24870463586965683	0.21930906956690757	0.0	0.24103013942251317	0.06296589767414251	22.94326754587739
124000	-9278.189480838262	-9300.927735277817	22.738254439554698	-9300.927735277817	0.08687739879240332	0.4119458221494394	0.19052506249571444	0.721778017035891	0.07383361668217986	0.07250324265936171	0.08251831147799016	0.3612655821514876	0.17072071241194806	0.24870463586965683	0.21930906956690757	0.0	0.24103013942251317	0.05922539142823408	22.813896163556915
125000	-9279.19549772283	-9300.768297779843	21.57280005701288	-9300.768297779843	0.09438263092568129	0.4484152196163732	0.19052506249571444	0.721778017035891	0.07383361668217986	0.07250324265936171	0.08251831147799016	0.3612655821514876	0.17072071241194806	0.24870463586965683	0.21930906956690757	0.0	0.24103013942251317	0.06482001551714406	21.7387058589213
126000	-9282.095704404452	-9304.42692962193	22.33122521747737	-9304.42692962193	0.08618594035396443	0.4147450387981431	0.19052506249571444	0.721778017035891	0.07383361668217986	0.07250324265936171	0.10536401893546635	0.3612655821514876	0.17713971440945514	0.23277546492203072	0.2288192385170266	0.0	0.24103013942251317	0.08287503838198046	22.937810597615744
127000	-9281.552821747651	-9303.350898119043	21.79807637139134	-9303.350898119043	0.08802611533650359	0.41997349797882133	0.19052506249571444	0.721778017035891	0.07383361668217986	0.07250324265936171	0.10536401893546635	0.3612655821514876	0.17713971440945514	0.23277546492203072	0.2288192385170266	0.0	0.24103013942251317	0.08661041575814171	22.448747922572256
128000	-9281.339677732805	-9301.430732143244	20.091054410439117	-9301.430732143244	0.09543452688301603	0.45814086630155454	0.19052506249571444	0.8614555883703336	0.07383361668217986	0.07250324265936171	0.08938251802628176	0.3612655821514876	0.17713971440945514	0.23277546492203072	0.2288192385170266	0.0	0.24103013942251317	0.054055806045506805	20.28749785747338
129000	-9283.157386713403	-9305.340251103391	22.182864389988445	-9305.340251103391	0.08108665249850355	0.39847638952543313	0.19052506249571444	0.8614555883703336	0.07383361668217986	0.07250324265936171	0.052394326455457066	0.3612655821514876	0.17713971440945514	0.23277546492203072	0.2288192385170266	0.0	0.24103013942251317	0.09959066991154647	22.479240080905026
130000	-9282.167523955379	-9303.461639847976	21.294115892596967	-9303.461639847976	0.08830974992649747	0.4411792366818421	0.19052506249571444	0.8614555883703336	0.07383361668217986	0.07250324265936171	0.052394326455457066	0.3612655821514876	0.17713971440945514	0.23277546492203072	0.2288192385170266	0.0	0.24103013942251317	0.08961487226771529	21.484944390235338
131000	-9282.191389728569	-9303.521471259452	21.33008153088314	-9303.521471259452	0.10132221845178377	0.45942504769952297	0.19052506249571444	0.8614555883703336	0.07383361668217986	0.07250324265936171	0.0757231815106569	0.3612655821514876	0.17713971440945514	0.23277546492203072	0.2288192385170266	0.0	0.24103013942251317	0.08646602860238883	21.837344955566127
132000	-9281.55169141	-9302.730230921576	21.178539511574165	-9302.730230921576	0.09338030704599454	0.43802613697737264	0.19052506249571444	0.8614555883703336	0.07383361668217986	0.07250324265936171	0.0757231815106569	0.3612655821514876	0.17713971440945514	0.23277546492203072	0.2288192385170266	0.0	0.24103013942251317	0.05225852373206296	21.182254343547523
133000	-9280.637612770872	-9302.47592685558	21.838314084709825	-9302.47592685558	0.09493793260282611	0.4525906056359387	0.19052506249571444	0.8614555883703336	0.07383361668217986	0.07250324265936171	0.0757231815106569	0.3612655821514876	0.17713971440945514	0.23277546492203072	0.2288192385170266	0.0	0.24103013942251317	0.0651641571127916	22.062735485752764
134000	-9277.388898149662	-9298.593595173787	21.204697024124776	-9298.593595173787	0.08514234205657263	0.41713759379650334	0.19052506249571444	0.8614555883703336	0.07383361668217986	0.07250324265936171	0.0757231815106569	0.3612655821514876	0.17713971440945514	0.23277546492203072	0.2288192385170266	0.0	0.24103013942251317	0.10460966221371126	21.902444765274794
135000	-9280.126661923214	-9302.20528169248	22.078619769267377	-9302.20528169248	0.08794171919554622	0.4288241257849304	0.19052506249571444	0.8614555883703336	0.06367612657439606	0.07250324265936171	0.0757231815106569	0.3612655821514876	0.17713971440945514	0.23277546492203072	0.2288192385170266	0.0	0.24103013942251317	0.06211131998062979	22.11343989575977
136000	-9286.649388333308	-9307.50666212285	20.85727378954296	-9307.50666212285	0.09561619526744444	0.4553481809839042	0.19052506249571444	0.8614555883703336	0.06367612657439606	0.07250324265936171	0.0757231815106569	0.3612655821514876	0.17713971440945514	0.23277546492203072	0.2288192385170266	0.0	0.24103013942251317	0.05409996228385313	20.753999146081572
137000	-9279.808445375898	-9300.419191440667	20.61074606476926	-9300.419191440667	0.09217087400576973	0.434955717900669	0.19052506249571444	0.8614555883703336	0.06367612657439606	0.07250324265936171	0.0757231815106569	0.3612655821514876	0.17713971440945514	0.23277546492203072	0.2288192385170266	0.0	0.24103013942251317	0.11436467916311303	21.256030215310673
138000	-9284.614733610351	-9306.163483367494	21.54874975714365	-9306.163483367494	0.09055057678918237	0.4392594859738437	0.19052506249571444	0.8614555883703336	0.06367612657439606	0.07250324265936171	0.0757231815106569	0.3612655821514876	0.17713971440945514	0.23277546492203072	0.2288192385170266	0.0	0.24103013942251317	0.08663484305313368	21.916343704360067
139000	-9281.95762922648	-9298.148501648231	16.190872421751195	-9298.148501648231	0.09542119641287086	0.4668146607134509	0.19052506249571444	0.8614555883703336	0.06367612657439606	0.07250324265936171	0.0757231815106569	0.3731070670345643	0.17713971440945514	0.22093398003895398	0.2288192385170266	0.0	0.24103013942251317	0.183959613870813	17.3713555715153
140000	-9274.718012170091	-9295.895776246121	21.177764076030172	-9295.895776246121	0.08255022354080899	0.4158827655446594	0.19052506249571444	0.8614555883703336	0.06367612657439606	0.07250324265936171	0.0757231815106569	0.38859322869856133	0.17713971440945514	0.22093398003895398	0.21333307685302957	0.0	0.24103013942251317	0.0974654027467331	21.811258346953277
141000	-9274.025860908945	-9295.1426702638	21.11680935485463	-9295.1426702638	0.08573851465302525	0.43003596131413696	0.19052506249571444	0.8614555883703336	0.06367612657439606	0.07250324265936171	0.0757231815106569	0.38859322869856133	0.17713971440945514	0.22093398003895398	0.21333307685302957	0.0	0.24103013942251317	0.09520806439477691	21.726870802607877
142000	-9272.078097185233	-9293.389742186033	21.311645000801004	-9293.389742186033	0.08971349100109113	0.43753556494721924	0.19052506249571444	0.8614555883703336	0.06367612657439606	0.07250324265936171	0.0757231815106569	0.38859322869856133	0.17713971440945514	0.22093398003895398	0.21333307685302957	0.0	0.24103013942251317	0.0789075883537089	21.73391920039568
143000	-9275.07508631336	-9294.880068776429	19.804982463069443	-9294.880068776429	0.09207776892711006	0.4549333604138541	0.19052506249571444	0.8614555883703336	0.06367612657439606	0.07250324265936171	0.0757231815106569	0.38859322869856133	0.17713971440945514	0.22093398003895398	0.21333307685302957	0.0	0.24103013942251317	0.11100732519413403	20.56857545445875
144000	-9276.364702261933	-9297.886239480966	21.52153721903292	-9297.886239480966	0.08781234247229906	0.4336641102363119	0.19052506249571444	0.8614555883703336	0.0928424741471411	0.07250324265936171	0.0757231815106569	0.38859322869856133	0.17713971440945514	0.22093398003895398	0.21333307685302957	0.0	0.24103013942251317	0.0620493547966302	22.06462055826669
145000	-9275.190849123243	-9295.919465546007	20.728616422764848	-9295.919465546007	0.09345628648701682	0.4590776914129744	0.19052506249571444	0.8614555883703336	0.0928424741471411	0.07250324265936171	0.0757231815106569	0.38859322869856133	0.17713971440945514	0.22093398003895398	0.21333307685302957	0.0	0.24103013942251317	0.07743617452900606	21.49322369111003
146000	-9275.443495908394	-9295.288728460113	19.845232551719775	-9295.288728460113	0.09294796193193622	0.4554362123623225	0.19052506249571444	0.8614555883703336	0.0928424741471411	0.07250324265936171	0.09307972092704841	0.38859322869856133	0.17713971440945514	0.22093398003895398	0.21333307685302957	0.0	0.24103013942251317	0.10618888747299661	21.12339429510681
147000	-9271.269830166184	-9291.832246174028	20.56241600784341	-9291.832246174028	0.08548373868731393	0.42269653353859454	0.19052506249571444	0.8614555883703336	0.0928424741471411	0.07250324265936171	0.09307972092704841	0.38859322869856133	0.17713971440945514	0.22093398003895398	0.21333307685302957	0.0	0.24103013942251317	0.09653821402195421	21.7452972158133
148000	-9278.172098409816	-9298.038264136087	19.86616572627188	-9298.038264136087	0.09069459818389626	0.4411797078758532	0.19052506249571444	0.8614555883703336	0.0928424741471411	0.07250324265936171	0.09307972092704841	0.38859322869856133	0.17713971440945514	0.22093398003895398	0.21333307685302957	0.0	0.24103013942251317	0.05375778643347704	20.463596524451372
149000	-9272.406155375933	-9294.262339667532	21.85618429159939	-9294.262339667532	0.08602409303220575	0.41712842475049927	0.19052506249571444	0.8614555883703336	0.0928424741471411	0.07250324265936171	0.09307972092704841	0.38859322869856133	0.16973363665163343	0.22093398003895398	0.22073915461085128	0.0	0.24103013942251317	0.06281504792597638	22.63506537080874
150000	-9274.990703996162	-9293.792778304427	18.802074308264714	-9293.792778304427	0.08687494786982332	0.4338250565041799	0.19052506249571444	0.8614555883703336	0.06844162174823136	0.07250324265936171	0.09307972092704841	0.38859322869856133	0.16973363665163343	0.22093398003895398	0.22073915461085128	0.0	0.24103013942251317	0.13271716865802533	20.036864021586666
151000	-9272.724786300458	-9294.069356273667	21.344569973208465	-9294.069356273667	0.09173059981768218	0.4389525493312923	0.19052506249571444	0.6910321251896676	0.06844162174823136	0.07250324265936171	0.09307972092704841	0.38701548061582514	0.16973363665163343	0.22251172812169018	0.22073915461085128	0.0	0.24103013942251317	0.08810846683081967	21.942629097717965
152000	-9277.729317137211	-9298.916944972167	21.18762783495535	-9298.916944972167	0.09303331576546149	0.4326840777128751	0.19052506249571444	0.6910321251896676	0.06844162174823136	0.07250324265936171	0.09307972092704841	0.38701548061582514	0.1612184418174413	0.2310269229558823	0.22073915461085128	0.0	0.24103013942251317	0.09951064569538591	21.94913004391609
153000	-9277.40746269738	-9298.179774745295	20.7723120479157	-9298.179774745295	0.09725866685166804	0.45842513500734894	0.12790282397961736	0.6910321251896676	0.06844162174823136	0.07250324265936171	0.05985305964456148	0.38701548061582514	0.1612184418174413	0.2310269229558823	0.22073915461085128	0.0	0.24103013942251317	0.11448086071993627	20.866299480358666
154000	-9273.504528598025	-9293.869384924903	20.364856326878456	-9293.869384924903	0.08984268506383469	0.4422109607831002	0.12790282397961736	0.6910321251896676	0.06844162174823136	0.07250324265936171	0.05985305964456148	0.38701548061582514	0.1612184418174413	0.2310269229558823	0.22073915461085128	0.0	0.24103013942251317	0.12197746215641055	20.522272396828043
155000	-9275.57954008925	-9296.286787129415	20.707247040165957	-9296.286787129415	0.09155425463786447	0.4545819933204547	0.12790282397961736	0.6910321251896676	0.06844162174823136	0.07250324265936171	0.08521124665813243	0.38701548061582514	0.17394010940611868	0.21830525536720494	0.22073915461085128	0.0	0.24103013942251317	0.10173141675420967	20.963344945822776
156000	-9277.373094940196	-9296.83828638097	19.46519144077391	-9296.83828638097	0.09351062263231946	0.4616787115071922	0.12790282397961736	0.6910321251896676	0.06844162174823136	0.07250324265936171	0.08521124665813243	0.38701548061582514	0.17394010940611868	0.21830525536720494	0.22073915461085128	0.0	0.24103013942251317	0.1229326011199121	19.910589421923998
157000	-9272.859061115812	-9296.368633693739	23.509572577926743	-9296.368633693739	0.08213287581609494	0.40295460452556253	0.12790282397961736	0.6910321251896676	0.06844162174823136	0.07250324265936171	0.08521124665813243	0.38701548061582514	0.17394010940611868	0.21830525536720494	0.22073915461085128	0.0	0.24103013942251317	0.06841239839072491	23.368888383487807
158000	-9272.324580675246	-9295.787780185088	23.46319950984216	-9295.787780185088	0.08056121874085964	0.39713781315662405	0.12790282397961736	0.6910321251896676	0.06844162174823136	0.07250324265936171	0.08521124665813243	0.38701548061582514	0.17394010940611868	0.21830525536720494	0.22073915461085128	0.0	0.24103013942251317	0.07526340627298495	23.417955288391216
159000	-9274.729816746185	-9295.90418455336	21.17436780717436	-9295.90418455336	0.09556841746500921	0.45825389651137316	0.12790282397961736	0.6910321251896676	0.06844162174823136	0.07250324265936171	0.08521124665813243	0.38701548061582514	0.17394010940611868	0.21830525536720494	0.22073915461085128	0.0	0.24103013942251317	0.09407468484088136	21.352218527901027
160000	-9279.671348507258	-9301.841329589826	22.169981082568217	-9301.841329589826	0.08793456090246135	0.41520840271123083	0.19230285465430685	0.6910321251896676	0.06844162174823136	0.07250324265936171	0.08521124665813243	0.38701548061582514	0.17394010940611868	0.21830525536720494	0.22073915461085128	0.0	0.24103013942251317	0.05057206428963767	22.1209928285524
161000	-9276.980184141858	-9298.997288966963	22.017104825105527	-9298.997288966963	0.08653622745300879	0.4118394986359383	0.19230285465430685	0.6910321251896676	0.052365167847658135	0.07250324265936171	0.08521124665813243	0.38701548061582514	0.17394010940611868	0.21830525536720494	0.22073915461085128	0.0	0.24103013942251317	0.09610205832103082	22.35416779069094
162000	-9272.721167371557	-9294.28913851512	21.567971143562538	-9294.28913851512	0.09450246333474531	0.45662805258703865	0.19230285465430685	0.6910321251896676	0.052365167847658135	0.07250324265936171	0.08521124665813243	0.38701548061582514	0.17394010940611868	0.21830525536720494	0.22073915461085128	0.0	0.24103013942251317	0.08349408321466077	21.76439914450946
163000	-9273.23535796845	-9295.146732169038	21.91137420058859	-9295.146732169038	0.09129059403800753	0.4366739393073304	0.19230285465430685	0.6910321251896676	0.052365167847658135	0.07250324265936171	0.08521124665813243	0.38701548061582514	0.17394010940611868	0.21830525536720494	0.22073915461085128	0.0	0.24103013942251317	0.08181961065989696	22.08754338588845
164000	-9271.130105285407	-9293.186031166195	22.055925880787854	-9293.186031166195	0.08406260643124172	0.42612329185775694	0.19230285465430685	0.6910321251896676	0.052365167847658135	0.07250324265936171	0.08521124665813243	0.38701548061582514	0.17394010940611868	0.21830525536720494	0.22073915461085128	0.0	0.24103013942251317	0.07061135766033398	22.084769117029595
165000	-9277.13473657775	-9297.77344084815	20.63870427040127	-9297.77344084815	0.0957204769987856	0.47216023993716116	0.19230285465430685	0.6910321251896676	0.052365167847658135	0.07250324265936171	0.08521124665813243	0.38701548061582514	0.17394010940611868	0.21830525536720494	0.22073915461085128	0.0	0.24103013942251317	0.07504739014294977	20.72847628427079
166000	-9274.473770016151	-9295.292363905066	20.818593888914823	-9295.292363905066	0.08728839933231794	0.4355139694355724	0.19230285465430685	0.6910321251896676	0.052365167847658135	0.07250324265936171	0.08521124665813243	0.38701548061582514	0.17394010940611868	0.21830525536720494	0.22073915461085128	0.0	0.24103013942251317	0.10220016638308488	21.21717942600307
167000	-9272.8397151712	-9294.7311422726	21.89142710139949	-9294.7311422726	0.09105874248576976	0.43727848394028357	0.19230285465430685	0.6910321251896676	0.07400362812280664	0.07250324265936171	0.08521124665813243	0.38701548061582514	0.17394010940611868	0.21830525536720494	0.22073915461085128	0.0	0.24103013942251317	0.06520306921522036	22.17132858223212
168000	-9279.239071261427	-9301.408311911217	22.16924064978931	-9301.408311911217	0.08709407075115996	0.4249869902753194	0.19230285465430685	0.6910321251896676	0.07400362812280664	0.06475762590410764	0.08521124665813243	0.38701548061582514	0.17394010940611868	0.21830525536720494	0.22073915461085128	0.0	0.24103013942251317	0.07377675252404367	22.464573874778537
169000	-9272.825924355388	-9294.85308404091	22.02715968552258	-9294.85308404091	0.08998379978417972	0.4400422645548684	0.1482474721657628	0.6910321251896676	0.07400362812280664	0.05439003689365938	0.08521124665813243	0.38701548061582514	0.17394010940611868	0.21830525536720494	0.22073915461085128	0.0	0.24103013942251317	0.08109635760227725	21.998718947695153
170000	-9271.832118920489	-9293.804555860932	21.97243694044348	-9293.804555860932	0.09389589146599231	0.4527226072516261	0.1482474721657628	0.6910321251896676	0.07400362812280664	0.05439003689365938	0.05497940330094061	0.38701548061582514	0.17394010940611868	0.21830525536720494	0.22073915461085128	0.0	0.24103013942251317	0.08149259969723781	21.52958112688575
171000	-9274.98043554076	-9297.624643405936	22.64420786517696	-9297.624643405936	0.08591800307198748	0.41987757136273673	0.1482474721657628	0.6910321251896676	0.07400362812280664	0.05439003689365938	0.05497940330094061	0.38701548061582514	0.17394010940611868	0.21830525536720494	0.22073915461085128	0.0	0.24103013942251317	0.06662590718175594	21.999933335385776
172000	-9269.900600449033	-9293.333371220022	23.432770770989137	-9293.333371220022	0.08361496498540058	0.40200777479420546	0.1482474721657628	0.6910321251896676	0.07400362812280664	0.05439003689365938	0.08093774788272541	0.38701548061582514	0.17394010940611868	0.21830525536720494	0.22073915461085128	0.0	0.24103013942251317	0.05972929527705376	23.049206785856654
173000	-9269.920222403976	-9291.852949974244	21.932727570267048	-9291.852949974244	0.08251642029552905	0.4151070337940751	0.1482474721657628	0.6910321251896676	0.07400362812280664	0.09115877379277644	0.08093774788272541	0.38701548061582514	0.17394010940611868	0.21830525536720494	0.22073915461085128	0.0	0.24103013942251317	0.05513930805156718	21.963481380516594
174000	-9272.872853619097	-9294.19074596769	21.317892348592846	-9294.19074596769	0.08891776631842845	0.4407333201875039	0.1482474721657628	0.6910321251896676	0.07400362812280664	0.09115877379277644	0.08093774788272541	0.38701548061582514	0.17394010940611868	0.21830525536720494	0.22073915461085128	0.0	0.24103013942251317	0.08714762736717963	21.806386849156286
175000	-9277.95219848399	-9299.019705764924	21.067507280932954	-9299.019705764924	0.09531530574387838	0.4591884914481905	0.1482474721657628	0.6910321251896676	0.07400362812280664	0.09115877379277644	0.05383386758439594	0.38701548061582514	0.17394010940611868	0.21830525536720494	0.22073915461085128	0.0	0.24103013942251317	0.06614634451123431	20.890168815408284
176000	-9275.699342437174	-9297.511364277529	21.81202184035468	-9297.511364277529	0.08484801156420915	0.41879319843003837	0.1482474721657628	0.8344643272821864	0.07400362812280664	0.09115877379277644	0.07787497686840382	0.38701548061582514	0.17394010940611868	0.21830525536720494	0.22073915461085128	0.0	0.24103013942251317	0.06440816550673904	22.147545190104157
177000	-9271.395727465899	-9293.058363391821	21.66263592592234	-9293.058363391821	0.09044462889485641	0.4357892249821477	0.1482474721657628	0.8344643272821864	0.07400362812280664	0.09115877379277644	0.07787497686840382	0.38701548061582514	0.17394010940611868	0.21830525536720494	0.22073915461085128	0.0	0.24103013942251317	0.06907039194151683	22.068045014656057
178000	-9277.215146044227	-9298.958594759773	21.74344871554559	-9298.958594759773	0.08625587575387392	0.42442678235274905	0.1482474721657628	0.8344643272821864	0.07400362812280664	0.09115877379277644	0.07787497686840382	0.38701548061582514	0.17394010940611868	0.21830525536720494	0.22073915461085128	0.0	0.24103013942251317	0.05778883341696517	21.970527210175437
179000	-9272.350510449942	-9294.693776222219	22.343265772277515	-9294.693776222219	0.08860552539289904	0.42182256124064127	0.1482474721657628	0.8344643272821864	0.07400362812280664	0.09115877379277644	0.07787497686840382	0.38701548061582514	0.17394010940611868	0.21830525536720494	0.22073915461085128	0.0	0.24103013942251317	0.075271286965149	22.83464745025426
180000	-9272.623310093377	-9291.742852536603	19.119542443225534	-9291.742852536603	0.09500792115159531	0.45755811687399167	0.1482474721657628	0.8344643272821864	0.07400362812280664	0.09115877379277644	0.06479670157789212	0.38701548061582514	0.17394010940611868	0.21830525536720494	0.22073915461085128	0.0	0.24103013942251317	0.13148675363277798	19.99276617989733
181000	-9270.090409359662	-9291.703281522136	21.612872162473067	-9291.703281522136	0.09285610040605217	0.4458199054330438	0.1482474721657628	0.8344643272821864	0.07400362812280664	0.09115877379277644	0.06479670157789212	0.38701548061582514	0.17394010940611868	0.21830525536720494	0.22073915461085128	0.0	0.24103013942251317	0.06183087262123622	21.731592582136052
182000	-9273.478464510654	-9295.128708730135	21.65024421948116	-9295.128708730135	0.09399627828347798	0.44663591047144613	0.1482474721657628	0.8344643272821864	0.07400362812280664	0.09115877379277644	0.06479670157789212	0.38701548061582514	0.17394010940611868	0.21830525536720494	0.22073915461085128	0.0	0.24103013942251317	0.08714809686374124	22.112170776688618
183000	-9273.74235043999	-9295.271034004576	21.528683564586217	-9295.271034004576	0.0932522195320083	0.4375444431885953	0.1482474721657628	0.8344643272821864	0.07400362812280664	0.09115877379277644	0.06479670157789212	0.38701548061582514	0.17394010940611868	0.21830525536720494	0.22073915461085128	0.0	0.24103013942251317	0.09302444441696801	22.055863489353907
184000	-9273.77170773729	-9295.172544654084	21.400836916793125	-9295.172544654084	0.08832403318272036	0.4417500487072397	0.1482474721657628	0.8344643272821864	0.07400362812280664	0.09115877379277644	0.06479670157789212	0.38701548061582514	0.17394010940611868	0.21830525536720494	0.22073915461085128	0.0	0.24103013942251317	0.07107681081945769	21.658915674550553
185000	-9275.41196941213	-9297.166184261561	21.75421484943289	-9297.166184261561	0.09340613973116396	0.42741705673175345	0.1482474721657628	0.8344643272821864	0.07400362812280664	0.09115877379277644	0.06479670157789212	0.38701548061582514	0.17394010940611868	0.21830525536720494	0.22073915461085128	0.0	0.24103013942251317	0.09710838990873881	22.324360248783325
186000	-9271.215930763916	-9292.14137881851	20.925448054592408	-9292.14137881851	0.09088573044773526	0.4331568103374527	0.1482474721657628	0.8344643272821864	0.07400362812280664	0.09115877379277644	0.06479670157789212	0.38701548061582514	0.17394010940611868	0.21830525536720494	0.22073915461085128	0.0	0.24103013942251317	0.051137854386239	20.854290690848153
187000	-9273.719750686127	-9296.476794582664	22.757043896538114	-9296.476794582664	0.08976072556181339	0.42424806898118206	0.1482474721657628	0.8344643272821864	0.07400362812280664	0.09115877379277644	0.04895905283262323	0.38701548061582514	0.17394010940611868	0.21830525536720494	0.22073915461085128	0.0	0.24103013942251317	0.07739528182804838	22.83244668726726
188000	-9274.047518166004	-9294.59866628796	20.55114812195595	-9294.59866628796	0.09958659552174025	0.47488157859291824	0.1482474721657628	0.8344643272821864	0.07400362812280664	0.09115877379277644	0.04895905283262323	0.38701548061582514	0.17394010940611868	0.21830525536720494	0.22073915461085128	0.0	0.24103013942251317	0.1052312858034779	20.933785741901485
189000	-9277.36766794451	-9298.958219121854	21.590551177343663	-9298.958219121854	0.08573804347597529	0.41910310493936914	0.1482474721657628	0.8344643272821864	0.07400362812280664	0.09115877379277644	0.04895905283262323	0.38701548061582514	0.17394010940611868	0.21830525536720494	0.22073915461085128	0.0	0.24103013942251317	0.09887731550540953	21.910907991955078
190000	-9276.967172065048	-9298.317840596577	21.350668531529745	-9298.317840596577	0.09214842161304859	0.44479288696195146	0.1482474721657628	0.8344643272821864	0.07400362812280664	0.09115877379277644	0.04895905283262323	0.38701548061582514	0.17394010940611868	0.21830525536720494	0.22073915461085128	0.0	0.24103013942251317	0.06053243345133158	21.180324813311678
191000	-9272.101017896537	-9293.972633983556	21.871616087018843	-9293.972633983556	0.0990807495014668	0.46383340513179927	0.1482474721657628	0.8344643272821864	0.07400362812280664	0.061107080715667436	0.04895905283262323	0.38701548061582514	0.17394010940611868	0.21830525536720494	0.22073915461085128	0.0	0.24103013942251317	0.07232759727591143	21.496317393365796
192000	-9273.943088355187	-9295.282603320218	21.339514965031842	-9295.282603320218	0.09564393187999012	0.45812631935112436	0.1482474721657628	0.8344643272821864	0.05546564063410339	0.061107080715667436	0.07524753735042124	0.38701548061582514	0.17394010940611868	0.21830525536720494	0.22073915461085128	0.0	0.24103013942251317	0.05876426302794162	20.891695538178134
193000	-9274.129710194284	-9295.78435215071	21.65464195642632	-9295.78435215071	0.0888333022402314	0.4380015825452447	0.1482474721657628	0.8344643272821864	0.05546564063410339	0.061107080715667436	0.07524753735042124	0.38701548061582514	0.17394010940611868	0.21830525536720494	0.22073915461085128	0.0	0.24103013942251317	0.0815965197204874	21.535075241646005
194000	-9274.902179571221	-9295.468540925296	20.566361354074072	-9295.468540925296	0.10052708944229724	0.48175925816296605	0.1482474721657628	0.8344643272821864	0.05546564063410339	0.061107080715667436	0.07524753735042124	0.38701548061582514	0.17394010940611868	0.21830525536720494	0.22073915461085128	0.0	0.24103013942251317	0.09668861278144207	20.61650366603629
195000	-9276.774182378793	-9298.921692701895	22.147510323102193	-9298.921692701895	0.0923498934991269	0.4372578870017175	0.1482474721657628	0.8344643272821864	0.05546564063410339	0.061107080715667436	0.07524753735042124	0.38701548061582514	0.17394010940611868	0.21830525536720494	0.22073915461085128	0.0	0.24103013942251317	0.08800950365721003	22.1036018024973
196000	-9279.48622221183	-9300.749292848814	21.263070636984057	-9300.749292848814	0.09933066624602725	0.473313842197059	0.1482474721657628	0.8344643272821864	0.05546564063410339	0.061107080715667436	0.07524753735042124	0.38701548061582514	0.17394010940611868	0.21830525536720494	0.22073915461085128	0.0	0.24103013942251317	0.07743320479745475	21.091133002778953
197000	-9276.736915896743	-9298.269917680753	21.53300178401049	-9298.269917680753	0.0929883794080263	0.4512732893634142	0.1482474721657628	0.677331792000991	0.05546564063410339	0.061107080715667436	0.07524753735042124	0.38701548061582514	0.17394010940611868	0.21830525536720494	0.22073915461085128	0.0	0.24103013942251317	0.08553039189158447	21.25446629257376
198000	-9276.520217574734	-9297.786770203118	21.266552628383604	-9297.786770203118	0.09324357632978016	0.46494711614522066	0.1482474721657628	0.677331792000991	0.05546564063410339	0.061107080715667436	0.07524753735042124	0.38701548061582514	0.17394010940611868	0.21830525536720494	0.22073915461085128	0.0	0.24103013942251317	0.06099244923588768	20.64989543693839
199000	-9273.358158074418	-9295.390447219452	22.032289145035023	-9295.390447219452	0.0901883605764087	0.42811834527330717	0.1482474721657628	0.677331792000991	0.05546564063410339	0.061107080715667436	0.09641027522508157	0.38701548061582514	0.17394010940611868	0.21830525536720494	0.22073915461085128	0.0	0.24103013942251317	0.09459460773072725	22.09203675571199
200000	-9273.138954125083	-9295.58046570122	22.441511576136826	-9295.58046570122	0.08550291285232528	0.43004660785262316	0.1482474721657628	0.677331792000991	0.05546564063410339	0.061107080715667436	0.09641027522508157	0.38701548061582514	0.17394010940611868	0.21830525536720494	0.22073915461085128	0.0	0.24103013942251317	0.07258024769319353	22.236351527584052
201000	-9278.504331215621	-9297.126357430645	18.622026215023517	-9297.126357430645	0.09256765603013511	0.45012613760299136	0.1482474721657628	0.677331792000991	0.05546564063410339	0.061107080715667436	0.09641027522508157	0.3768968665435901	0.17394010940611868	0.22842386943943996	0.22073915461085128	0.0	0.24103013942251317	0.042168973266304206	17.81741146747937
202000	-9274.685253780177	-9298.891186328601	24.20593254842499	-9298.891186328601	0.09049679761911622	0.41535627180331247	0.1482474721657628	0.677331792000991	0.05546564063410339	0.061107080715667436	0.049455169429249136	0.3768968665435901	0.17394010940611868	0.22842386943943996	0.22073915461085128	0.0	0.24103013942251317	0.07405716472757659	23.325605977051477
203000	-9271.941069236438	-9294.04527938669	22.10421015025166	-9294.04527938669	0.09291291854520939	0.4371164815192137	0.1482474721657628	0.677331792000991	0.08217857026765049	0.061107080715667436	0.049455169429249136	0.3768968665435901	0.17394010940611868	0.22842386943943996	0.22073915461085128	0.0	0.24103013942251317	0.04919738208357923	21.19103227608991
204000	-9276.554462751146	-9300.630051668875	24.075588917729384	-9300.630051668875	0.07891713516938395	0.38566649069686826	0.1482474721657628	0.644140526231382	0.08217857026765049	0.061107080715667436	0.049455169429249136	0.3768968665435901	0.17394010940611868	0.22842386943943996	0.22073915461085128	0.0	0.24103013942251317	0.05135045704209051	23.155852787723262
205000	-9282.456527583543	-9305.021027054901	22.56449947135893	-9305.021027054901	0.0847079794724876	0.4286859969762934	0.1482474721657628	0.644140526231382	0.08217857026765049	0.061107080715667436	0.049455169429249136	0.3768968665435901	0.17394010940611868	0.22842386943943996	0.22073915461085128	0.0	0.24103013942251317	0.0834085306347609	22.12984009441265
206000	-9277.947087984956	-9300.375678679287	22.42859069433108	-9300.375678679287	0.08891393145823476	0.43856500085732036	0.1482474721657628	0.644140526231382	0.08217857026765049	0.061107080715667436	0.049455169429249136	0.3768968665435901	0.17394010940611868	0.22842386943943996	0.22073915461085128	0.0	0.24103013942251317	0.06252972376323264	21.70582275136409
207000	-9271.839011202062	-9294.612585942576	22.773574740512533	-9294.612585942576	0.08847822487563692	0.429142393633912	0.1482474721657628	0.644140526231382	0.05065663541267124	0.061107080715667436	0.07914502653050291	0.3768968665435901	0.17394010940611868	0.22842386943943996	0.22073915461085128	0.0	0.24103013942251317	0.0858764976099771	22.354963223541127
208000	-9279.957413478052	-9301.598772564786	21.641359086734155	-9301.598772564786	0.0940053516456196	0.45688870354576666	0.1482474721657628	0.644140526231382	0.07838839254286445	0.061107080715667436	0.057225393244410096	0.3768968665435901	0.17394010940611868	0.22842386943943996	0.22073915461085128	0.0	0.24103013942251317	0.0726004218165341	21.162094677247424
209000	-9280.388766549022	-9303.429354850654	23.040588301631317	-9303.429354850654	0.08621289549680526	0.41776228309899704	0.1482474721657628	0.644140526231382	0.07838839254286445	0.061107080715667436	0.057225393244410096	0.3768968665435901	0.17394010940611868	0.22842386943943996	0.22073915461085128	0.0	0.24103013942251317	0.07821454494892226	22.635808787230907
210000	-9270.670493792208	-9293.261375733613	22.590881941405193	-9293.261375733613	0.09285791341667304	0.44477385938115177	0.1482474721657628	0.644140526231382	0.07838839254286445	0.061107080715667436	0.057225393244410096	0.3855886072763995	0.17394010940611868	0.22842386943943996	0.21204741387804193	0.0	0.24103013942251317	0.07585265453894662	22.20755663675006
211000	-9277.055759539395	-9300.129274323293	23.07351478389876	-9300.129274323293	0.08130906294746185	0.40781930056647375	0.1482474721657628	0.644140526231382	0.07838839254286445	0.061107080715667436	0.057225393244410096	0.3855886072763995	0.17394010940611868	0.22842386943943996	0.21204741387804193	0.0	0.24103013942251317	0.06783830327806442	22.57852375737312
212000	-9275.054567864678	-9297.644857977855	22.59029011317831	-9297.644857977855	0.08739076788584008	0.42267818460850365	0.1482474721657628	0.644140526231382	0.07838839254286445	0.061107080715667436	0.057225393244410096	0.3855886072763995	0.17394010940611868	0.22842386943943996	0.21204741387804193	0.0	0.24103013942251317	0.057156916120567065	21.923972506025187
213000	-9269.842635443278	-9291.699357515316	21.856722072037662	-9291.699357515316	0.08990908037957837	0.4451168933533971	0.1482474721657628	0.644140526231382	0.07838839254286445	0.061107080715667436	0.057225393244410096	0.3855886072763995	0.17394010940611868	0.22842386943943996	0.21204741387804193	0.0	0.24103013942251317	0.08921222496598609	21.63562214636638
214000	-9275.536084283349	-9296.130772281378	20.59468799802923	-9296.130772281378	0.09323880833348645	0.440339678959687	0.1482474721657628	0.644140526231382	0.07838839254286445	0.061107080715667436	0.057225393244410096	0.3855886072763995	0.17394010940611868	0.22842386943943996	0.21204741387804193	0.0	0.24103013942251317	0.12132309146364054	20.681027155366323
215000	-9274.62742349426	-9294.751090529227	20.1236670349688	-9294.751090529227	0.0903698604286076	0.4316927235331987	0.1482474721657628	0.644140526231382	0.07838839254286445	0.09559268175803134	0.057225393244410096	0.3855886072763995	0.17394010940611868	0.22842386943943996	0.21204741387804193	0.0	0.24103013942251317	0.12535501587840875	20.671242520511907
216000	-9275.465746614105	-9297.742129373946	22.276382759841376	-9297.742129373946	0.08772326990081776	0.4225580296064051	0.1482474721657628	0.644140526231382	0.07838839254286445	0.09559268175803134	0.057225393244410096	0.3855886072763995	0.17394010940611868	0.22842386943943996	0.21204741387804193	0.0	0.24103013942251317	0.07003085471188325	22.241744333127468
217000	-9272.082764662107	-9293.874382898251	21.791618236143606	-9293.874382898251	0.09190026308466401	0.444497019594434	0.1482474721657628	0.644140526231382	0.07838839254286445	0.09559268175803134	0.057225393244410096	0.3855886072763995	0.17394010940611868	0.22842386943943996	0.21204741387804193	0.0	0.24103013942251317	0.08046379246662341	21.895851183116157
218000	-9270.658004597472	-9292.578735463141	21.92073086566921	-9292.578735463141	0.09229707911438881	0.44978447293069806	0.1482474721657628	0.644140526231382	0.07838839254286445	0.09559268175803134	0.057225393244410096	0.3855886072763995	0.17394010940611868	0.22842386943943996	0.21204741387804193	0.0	0.24103013942251317	0.0712905012672272	21.90391960891016
219000	-9274.10993163827	-9295.362283109698	21.252351471428316	-9295.362283109698	0.09347304117147506	0.45028612786552114	0.1482474721657628	0.644140526231382	0.07838839254286445	0.09559268175803134	0.057225393244410096	0.3855886072763995	0.17394010940611868	0.22842386943943996	0.21204741387804193	0.0	0.24103013942251317	0.06173326275149806	21.09160000839144
220000	-9275.93492021056	-9297.824364903307	21.889444692746547	-9297.824364903307	0.09066795502605661	0.43880535539067084	0.1482474721657628	0.644140526231382	0.07838839254286445	0.09559268175803134	0.057225393244410096	0.3855886072763995	0.17394010940611868	0.22842386943943996	0.21204741387804193	0.0	0.24103013942251317	0.05400057069366661	21.594864954410284
221000	-9274.593013972653	-9297.374175388779	22.78116141612624	-9297.374175388779	0.08702175452146109	0.4244820154362147	0.1482474721657628	0.644140526231382	0.07838839254286445	0.09559268175803134	0.04852927676989143	0.3855886072763995	0.17394010940611868	0.22842386943943996	0.21204741387804193	0.0	0.24103013942251317	0.07114242745688468	22.604812386128252
222000	-9274.102792067704	-9293.430236529908	19.327444462204664	-9293.430236529908	0.09199391639503249	0.4469063752182224	0.1482474721657628	0.644140526231382	0.07838839254286445	0.09559268175803134	0.04852927676989143	0.3855886072763995	0.17394010940611868	0.22842386943943996	0.21204741387804193	0.0	0.24103013942251317	0.13901859839572522	19.821019269606417
223000	-9277.896157665866	-9296.600875647924	18.704717982059133	-9296.600875647924	0.09100429630827857	0.44923834976343424	0.1482474721657628	0.644140526231382	0.07838839254286445	0.09559268175803134	0.04852927676989143	0.3855886072763995	0.17394010940611868	0.22842386943943996	0.21204741387804193	0.0	0.24103013942251317	0.14716337166635432	19.25522840541487
224000	-9281.681917060498	-9301.533244986538	19.851327926041293	-9301.533244986538	0.09286243833810487	0.47417025730991125	0.1482474721657628	0.644140526231382	0.07838839254286445	0.09559268175803134	0.04852927676989143	0.3855886072763995	0.17394010940611868	0.22842386943943996	0.21204741387804193	0.0	0.24103013942251317	0.11194921545508908	20.128340342881234
225000	-9270.757473528563	-9292.993384896597	22.235911368033502	-9292.993384896597	0.08749067338425279	0.4286332396118151	0.1482474721657628	0.644140526231382	0.07838839254286445	0.09559268175803134	0.04852927676989143	0.3855886072763995	0.17394010940611868	0.22842386943943996	0.21204741387804193	0.0	0.24103013942251317	0.08328575316746128	22.217155953989884
226000	-9273.766752406185	-9295.798099651694	22.03134724550981	-9295.798099651694	0.08993848807627644	0.43902812073238734	0.1482474721657628	0.644140526231382	0.07838839254286445	0.052068244457144516	0.04852927676989143	0.3855886072763995	0.17394010940611868	0.22842386943943996	0.21204741387804193	0.0	0.24103013942251317	0.09046293228857577	21.513738098243465
227000	-9271.700055654703	-9294.409977447613	22.709921792909686	-9294.409977447613	0.09081827005724233	0.43448774139784196	0.1482474721657628	0.644140526231382	0.07838839254286445	0.052068244457144516	0.04852927676989143	0.3855886072763995	0.17394010940611868	0.22842386943943996	0.21204741387804193	0.0	0.24103013942251317	0.06648451193909169	21.884341484177163
228000	-9273.422536036964	-9295.901752181306	22.479216144342395	-9295.901752181306	0.09071656598092134	0.4358140580014116	0.1482474721657628	0.644140526231382	0.07838839254286445	0.052068244457144516	0.08240460564256548	0.3855886072763995	0.17394010940611868	0.22842386943943996	0.21204741387804193	0.0	0.20387431072481926	0.08010244899405394	22.309205315335277
229000	-9275.04565374954	-9296.227157049208	21.181503299669444	-9296.227157049208	0.08811190755633894	0.43471001656861097	0.10557128228192028	0.644140526231382	0.07838839254286445	0.052068244457144516	0.04986861013405598	0.3855886072763995	0.17394010940611868	0.22842386943943996	0.21204741387804193	0.0	0.20127510484038214	0.12379296636509282	20.637017291505934
230000	-9272.95423102325	-9296.64328307909	23.68905205584172	-9296.64328307909	0.08151991189195307	0.408198290279874	0.10557128228192028	0.644140526231382	0.07838839254286445	0.052068244457144516	0.04986861013405598	0.3855886072763995	0.17394010940611868	0.22842386943943996	0.21204741387804193	0.0	0.20127510484038214	0.08281145095463849	22.742521851922895
231000	-9277.216500617615	-9298.783341738947	21.566841121331425	-9298.783341738947	0.08775831792972799	0.42703761263400625	0.10557128228192028	0.644140526231382	0.07838839254286445	0.0973956345398729	0.04986861013405598	0.3855886072763995	0.17394010940611868	0.22842386943943996	0.21204741387804193	0.0	0.20127510484038214	0.04894206755129608	20.693829443079004
232000	-9275.318558804907	-9296.402193544995	21.083634740087387	-9296.402193544995	0.09315017980605711	0.4520790622929254	0.10557128228192028	0.644140526231382	0.07838839254286445	0.0973956345398729	0.07664364369730825	0.3855886072763995	0.17394010940611868	0.22842386943943996	0.21204741387804193	0.0	0.20127510484038214	0.10435493455295408	21.378747362158034
233000	-9277.84111161631	-9299.683129590463	21.842017974152707	-9299.683129590463	0.08633226575651579	0.4303682356625673	0.10557128228192028	0.644140526231382	0.07838839254286445	0.0973956345398729	0.07664364369730825	0.3855886072763995	0.17394010940611868	0.22842386943943996	0.21204741387804193	0.0	0.20127510484038214	0.08377988896616656	21.917525665553203
234000	-9278.918177433914	-9299.795220438873	20.877043004958146	-9299.795220438873	0.09391692402288515	0.44419950678627707	0.10557128228192028	0.7536846201319167	0.07838839254286445	0.0973956345398729	0.07664364369730825	0.3855886072763995	0.17394010940611868	0.22842386943943996	0.21204741387804193	0.0	0.20127510484038214	0.10810528398244687	21.362144754173002
235000	-9288.28571798835	-9309.670520009317	21.384802020966156	-9309.670520009317	0.09431506089207123	0.461182652302895	0.10557128228192028	0.7536846201319167	0.07838839254286445	0.0973956345398729	0.07664364369730825	0.3855886072763995	0.17394010940611868	0.22842386943943996	0.21204741387804193	0.0	0.20127510484038214	0.07149357655705033	21.456405773528108
236000	-9270.083401776154	-9289.875633279127	19.7922315029729	-9289.875633279127	0.08754603027960636	0.4258975969540616	0.15232863368853541	0.7536846201319167	0.07838839254286445	0.0973956345398729	0.07664364369730825	0.3855886072763995	0.17394010940611868	0.22842386943943996	0.21204741387804193	0.0	0.20127510484038214	0.12514645001484692	20.77670920627347
237000	-9274.199326036889	-9295.892619579981	21.693293543091563	-9295.892619579981	0.09533469640923115	0.45206062108436895	0.15232863368853541	0.7536846201319167	0.04328100742789028	0.05718711860457974	0.07664364369730825	0.3855886072763995	0.17394010940611868	0.22842386943943996	0.21204741387804193	0.0	0.20127510484038214	0.05647378656440221	20.80443764710775
238000	-9275.445975567054	-9296.39355361937	20.94757805231606	-9296.39355361937	0.08793253443784912	0.43215867336928787	0.15232863368853541	0.7536846201319167	0.04328100742789028	0.05718711860457974	0.0580068057297793	0.3855886072763995	0.17394010940611868	0.22842386943943996	0.21204741387804193	0.0	0.20127510484038214	0.04187889543237997	19.493187892586842
239000	-9275.440796036059	-9297.614810581124	22.174014545065706	-9297.614810581124	0.09221029539336212	0.4488939894311406	0.15232863368853541	0.7536846201319167	0.06556388567100817	0.05718711860457974	0.0580068057297793	0.3855886072763995	0.17394010940611868	0.22842386943943996	0.21204741387804193	0.0	0.20127510484038214	0.06988397006089395	21.628452512598894
240000	-9274.664353799415	-9294.386536193513	19.72218239409728	-9294.386536193513	0.09833726348162783	0.46268899603954694	0.15232863368853541	0.7536846201319167	0.06556388567100817	0.05718711860457974	0.0580068057297793	0.3855886072763995	0.17394010940611868	0.22842386943943996	0.21204741387804193	0.0	0.20127510484038214	0.04480398610035497	18.732081176347027
241000	-9270.251923000003	-9291.952141277994	21.700218277991464	-9291.952141277994	0.08915600729644768	0.4226614118575894	0.15232863368853541	0.7536846201319167	0.06556388567100817	0.05718711860457974	0.0580068057297793	0.37707366027978517	0.17394010940611868	0.22842386943943996	0.22056236087465628	0.0	0.20127510484038214	0.11140170713325194	21.569842278581426
242000	-9282.215777371815	-9301.06694376586	18.851166394044533	-9301.06694376586	0.09266200248559846	0.45123657371301085	0.15232863368853541	0.7536846201319167	0.06556388567100817	0.05718711860457974	0.1080542294390653	0.37707366027978517	0.17394010940611868	0.22842386943943996	0.22056236087465628	0.0	0.20127510484038214	0.1424963625085825	19.562938196022245
243000	-9281.764718449684	-9301.329628798154	19.564910348469738	-9301.329628798154	0.10077077792317964	0.48365988844190266	0.15232863368853541	0.7536846201319167	0.06556388567100817	0.05718711860457974	0.1080542294390653	0.37707366027978517	0.17394010940611868	0.22842386943943996	0.22056236087465628	0.0	0.20127510484038214	0.1154286144611031	20.066017959592404
244000	-9278.83348992818	-9301.335866038458	22.50237611027832	-9301.335866038458	0.0890081400513751	0.4168506945768039	0.15232863368853541	0.7536846201319167	0.06556388567100817	0.05718711860457974	0.1080542294390653	0.37707366027978517	0.17394010940611868	0.22842386943943996	0.22056236087465628	0.0	0.20127510484038214	0.08671221218357639	22.71742616863121
245000	-9272.986245397467	-9295.69449990196	22.708254504493052	-9295.69449990196	0.09314550143364234	0.43064810308808343	0.15232863368853541	0.7536846201319167	0.06556388567100817	0.05718711860457974	0.1080542294390653	0.37707366027978517	0.17394010940611868	0.22842386943943996	0.22056236087465628	0.0	0.20127510484038214	0.05453131115499648	22.459484886646575
246000	-9274.976350980964	-9296.805576538747	21.82922555778292	-9296.805576538747	0.08679057631425535	0.4078489042099406	0.15232863368853541	0.7536846201319167	0.06556388567100817	0.05718711860457974	0.1080542294390653	0.37707366027978517	0.17394010940611868	0.22842386943943996	0.22056236087465628	0.0	0.20127510484038214	0.10490526734109967	22.23473861375012
247000	-9279.987445374809	-9298.742148602802	18.754703227993225	-9298.742148602802	0.09065712175395112	0.4435561033936634	0.15232863368853541	0.7536846201319167	0.06556388567100817	0.05718711860457974	0.1080542294390653	0.37707366027978517	0.17394010940611868	0.22842386943943996	0.22056236087465628	0.0	0.20127510484038214	0.14516549001614018	19.485032958920655
248000	-9272.45783544599	-9293.046291955276	20.5884565092859	-9293.046291955276	0.09136534788963069	0.43021159906923057	0.15232863368853541	0.7536846201319167	0.06556388567100817	0.05718711860457974	0.1080542294390653	0.37707366027978517	0.17394010940611868	0.22842386943943996	0.22056236087465628	0.0	0.20127510484038214	0.04221291869349852	20.083638142507642
249000	-9270.93012745918	-9293.260325145144	22.330197685963235	-9293.260325145144	0.09247566249130416	0.4326139799150526	0.15232863368853541	0.7536846201319167	0.06556388567100817	0.05718711860457974	0.1080542294390653	0.37707366027978517	0.17394010940611868	0.22842386943943996	0.22056236087465628	0.0	0.20127510484038214	0.08287856662696869	22.500029498616446
250000	-9274.159317747984	-9295.897587314148	21.73826956616296	-9295.897587314148	0.08819312755554706	0.4382884854464171	0.15232863368853541	0.7536846201319167	0.06556388567100817	0.05718711860457974	0.1080542294390653	0.37707366027978517	0.17394010940611868	0.22842386943943996	0.22056236087465628	0.0	0.20127510484038214	0.07372772807413946	21.791103852409364
251000	-9273.879886010029	-9295.541957527148	21.662071517118857	-9295.541957527148	0.09528173477329101	0.4455139146491649	0.15232863368853541	0.7536846201319167	0.06556388567100817	0.05718711860457974	0.1080542294390653	0.37707366027978517	0.17394010940611868	0.22842386943943996	0.22056236087465628	0.0	0.20127510484038214	0.08647093799332696	21.874335226498395
252000	-9276.44533726434	-9299.064106159496	22.618768895156112	-9299.064106159496	0.09478617126756866	0.4288211795778039	0.17076680025803434	0.7536846201319167	0.06556388567100817	0.05718711860457974	0.1080542294390653	0.37707366027978517	0.17394010940611868	0.22842386943943996	0.22056236087465628	0.0	0.20127510484038214	0.07739641848722173	22.830554249609108
253000	-9274.726695288231	-9296.965139723528	22.238444435297406	-9296.965139723528	0.09005242293144904	0.43202602813953533	0.17076680025803434	0.8784221192785263	0.06556388567100817	0.05718711860457974	0.1080542294390653	0.37707366027978517	0.17394010940611868	0.22842386943943996	0.22056236087465628	0.0	0.20127510484038214	0.059232193113948006	22.33448693924068
254000	-9276.141029473172	-9298.568287949476	22.42725847630388	-9298.568287949476	0.08952723438769923	0.4279638589704156	0.17076680025803434	0.8784221192785263	0.06556388567100817	0.05718711860457974	0.1080542294390653	0.37707366027978517	0.17394010940611868	0.22842386943943996	0.22056236087465628	0.0	0.20127510484038214	0.0674117865038569	22.65265566013783
255000	-9274.677585349044	-9296.41439263584	21.73680728679588	-9296.41439263584	0.08498130110596569	0.42417948893221336	0.17076680025803434	0.8784221192785263	0.06556388567100817	0.05718711860457974	0.1080542294390653	0.37707366027978517	0.17394010940611868	0.22842386943943996	0.22056236087465628	0.0	0.20127510484038214	0.05982205468667789	21.84275899448913
256000	-9275.406234204538	-9297.274781027769	21.868546823230414	-9297.274781027769	0.08842311143398951	0.42555913588390404	0.17076680025803434	0.8784221192785263	0.06556388567100817	0.10295001789210362	0.1080542294390653	0.37707366027978517	0.17394010940611868	0.22842386943943996	0.22056236087465628	0.0	0.20127510484038214	0.06087759656441666	22.555084841738477
257000	-9278.714198651247	-9301.013311526369	22.29911287512191	-9301.013311526369	0.08905221622451302	0.41413633395763005	0.17076680025803434	0.8784221192785263	0.06556388567100817	0.10295001789210362	0.1080542294390653	0.37707366027978517	0.17394010940611868	0.22842386943943996	0.22056236087465628	0.0	0.20127510484038214	0.05531080905631416	22.889754010668835
258000	-9278.04619034546	-9298.8304276215	20.784237276041125	-9298.8304276215	0.08655750693476674	0.44022917374604714	0.17076680025803434	0.8784221192785263	0.06556388567100817	0.10295001789210362	0.1080542294390653	0.37707366027978517	0.17394010940611868	0.22842386943943996	0.22056236087465628	0.0	0.20127510484038214	0.08355406243016332	21.78740393662268
259000	-9280.85392104377	-9300.336754472732	19.482833428961175	-9300.336754472732	0.09034992552847083	0.41924819128918334	0.17076680025803434	0.8784221192785263	0.06556388567100817	0.10295001789210362	0.1080542294390653	0.37707366027978517	0.17394010940611868	0.22842386943943996	0.22056236087465628	0.0	0.20127510484038214	0.13373338318195027	20.956354353106537
260000	-9270.44841926231	-9292.661485105089	22.21306584277916	-9292.661485105089	0.09365050539079053	0.43441539919073	0.17076680025803434	0.8784221192785263	0.06556388567100817	0.10295001789210362	0.07381531486797065	0.37707366027978517	0.17394010940611868	0.22842386943943996	0.22056236087465628	0.0	0.20127510484038214	0.07823878911808455	22.78506663732323
261000	-9276.267358734356	-9296.979303354692	20.71194462033562	-9296.979303354692	0.09917209105667718	0.46890958045459186	0.17076680025803434	0.8784221192785263	0.06556388567100817	0.10295001789210362	0.07381531486797065	0.37707366027978517	0.17394010940611868	0.22842386943943996	0.22056236087465628	0.0	0.20127510484038214	0.08975046953394634	21.421213124710697
262000	-9270.875766215158	-9293.26215733659	22.386391121431647	-9293.26215733659	0.08208441197630885	0.4017058630888125	0.17076680025803434	0.8784221192785263	0.06556388567100817	0.10295001789210362	0.07381531486797065	0.37707366027978517	0.17394010940611868	0.22842386943943996	0.22056236087465628	0.0	0.20127510484038214	0.08224690582088247	23.00835213661488
263000	-9271.659704930775	-9293.130026650155	21.470321719380163	-9293.130026650155	0.0919652763120569	0.4420611288699891	0.17076680025803434	0.8784221192785263	0.06556388567100817	0.10295001789210362	0.07381531486797065	0.37707366027978517	0.17394010940611868	0.22842386943943996	0.22056236087465628	0.0	0.20127510484038214	0.06685253288458963	21.885046156728606
264000	-9275.755039732387	-9297.888657964058	22.13361823167248	-9297.888657964058	0.08647111573773383	0.4271157600742071	0.17076680025803434	0.5935352483561613	0.06556388567100817	0.10295001789210362	0.07381531486797065	0.37707366027978517	0.17394010940611868	0.22842386943943996	0.22056236087465628	0.0	0.20127510484038214	0.06151940858040676	22.07853272888954
265000	-9280.44783031151	-9301.752735614877	21.304905303366873	-9301.752735614877	0.09484941900486579	0.4617647144126813	0.17076680025803434	0.5935352483561613	0.0550350469634061	0.10295001789210362	0.07381531486797065	0.37707366027978517	0.17394010940611868	0.22842386943943996	0.22056236087465628	0.0	0.20127510484038214	0.07547942657644371	21.28697224828472
266000	-9279.11725893408	-9301.394670202224	22.27741126814306	-9301.394670202224	0.09640420154239657	0.4477274816358631	0.17076680025803434	0.5935352483561613	0.0550350469634061	0.10295001789210362	0.07381531486797065	0.37707366027978517	0.17394010940611868	0.22842386943943996	0.22056236087465628	0.0	0.20127510484038214	0.064311285182501	22.099353213741168
267000	-9283.943194857278	-9307.318324284834	23.375129427555	-9307.318324284834	0.0924448917841213	0.429407115310421	0.17076680025803434	0.5935352483561613	0.0550350469634061	0.10295001789210362	0.051946629448818324	0.37707366027978517	0.16122182895769308	0.24114214988786556	0.22056236087465628	0.0	0.20127510484038214	0.07464347661194906	23.075329163804387
268000	-9275.521950154274	-9296.807814927464	21.285864773189697	-9296.807814927464	0.09646478580997425	0.4620515229861122	0.14142674099052574	0.5935352483561613	0.06064710039118865	0.10295001789210362	0.051946629448818324	0.37707366027978517	0.16122182895769308	0.24114214988786556	0.22056236087465628	0.0	0.20127510484038214	0.0973419085763813	21.162353549375773
269000	-9275.750865101858	-9298.312167220696	22.561302118838622	-9298.312167220696	0.0880931943101211	0.4271598289787157	0.14142674099052574	0.5935352483561613	0.06064710039118865	0.10295001789210362	0.051946629448818324	0.37707366027978517	0.16122182895769308	0.24114214988786556	0.22056236087465628	0.0	0.20127510484038214	0.058604985960428096	21.930381061105546
270000	-9276.713263346042	-9298.457902137387	21.744638791343736	-9298.457902137387	0.09326772092893693	0.4328968171826952	0.14142674099052574	0.7176146771845653	0.06064710039118865	0.10295001789210362	0.051946629448818324	0.37707366027978517	0.16122182895769308	0.24114214988786556	0.22056236087465628	0.0	0.20127510484038214	0.0470972556246959	21.081661012481483
271000	-9275.99188066855	-9298.121666722927	22.12978605437798	-9298.121666722927	0.09070773985640465	0.43265200528740066	0.14142674099052574	0.7176146771845653	0.06064710039118865	0.10295001789210362	0.08065620164666809	0.37707366027978517	0.16122182895769308	0.24114214988786556	0.22056236087465628	0.0	0.20127510484038214	0.0799698225826783	22.417093765719002
272000	-9277.811921033204	-9299.515958982238	21.70403794903269	-9299.515958982238	0.08940275264689276	0.4159640150834655	0.14142674099052574	0.7176146771845653	0.06064710039118865	0.10295001789210362	0.08065620164666809	0.37707366027978517	0.16122182895769308	0.24114214988786556	0.22056236087465628	0.0	0.20127510484038214	0.10274730942213291	22.241968981941667
273000	-9277.414110143744	-9298.59944861305	21.18533846930596	-9298.59944861305	0.08988673702708724	0.44496635736160806	0.14142674099052574	0.7176146771845653	0.06064710039118865	0.10295001789210362	0.08065620164666809	0.37707366027978517	0.16122182895769308	0.24114214988786556	0.22056236087465628	0.0	0.20127510484038214	0.08565259878147607	21.54129640103757
274000	-9272.5388507617	-9294.99562814618	22.45677738447943	-9294.99562814618	0.09125437833059975	0.42597976829039824	0.14142674099052574	0.7176146771845653	0.06064710039118865	0.10295001789210362	0.08065620164666809	0.37707366027978517	0.16122182895769308	0.24114214988786556	0.22056236087465628	0.0	0.20127510484038214	0.07269328829832798	22.648684809787078
275000	-9274.373661056119	-9296.272799415414	21.89913835929481	-9296.272799415414	0.09489201410838169	0.4450664028675554	0.20758240991490282	0.7176146771845653	0.06064710039118865	0.10295001789210362	0.05974490162250426	0.37707366027978517	0.16122182895769308	0.22910217882027437	0.23260233194224747	0.0	0.20127510484038214	0.05575266304541146	21.90390542447968
276000	-9275.824371626153	-9297.11040807755	21.286036451396928	-9297.11040807755	0.10112448019505647	0.4709100117425109	0.20758240991490282	0.7176146771845653	0.06064710039118865	0.10295001789210362	0.05974490162250426	0.37707366027978517	0.16122182895769308	0.22910217882027437	0.23260233194224747	0.0	0.20127510484038214	0.07282671421108741	21.557961181092402
277000	-9278.136629537934	-9299.101290856383	20.964661318448837	-9299.101290856383	0.09830964874695602	0.4522517817118124	0.20758240991490282	0.7176146771845653	0.06064710039118865	0.10295001789210362	0.05974490162250426	0.37707366027978517	0.16122182895769308	0.22910217882027437	0.23260233194224747	0.0	0.20127510484038214	0.09837755703616312	21.537315905947096
278000	-9279.386020484106	-9300.643838452113	21.257817968007274	-9300.643838452113	0.08722420241828976	0.42530185877721005	0.20758240991490282	0.7176146771845653	0.06064710039118865	0.10295001789210362	0.05974490162250426	0.37707366027978517	0.16122182895769308	0.22910217882027437	0.23260233194224747	0.0	0.20127510484038214	0.10327013106082086	21.87900804315293
279000	-9285.34491084766	-9305.19548222941	19.850571381751227	-9305.19548222941	0.08719006893114731	0.4342366017814876	0.20758240991490282	0.7176146771845653	0.06064710039118865	0.12754070554049907	0.05974490162250426	0.37707366027978517	0.16122182895769308	0.22910217882027437	0.23260233194224747	0.0	0.20127510484038214	0.04799394434490114	19.911429549582166
280000	-9286.59472810578	-9310.044285283033	23.44955717725247	-9310.044285283033	0.08209203412983256	0.3846608170514637	0.20758240991490282	0.7176146771845653	0.06064710039118865	0.12754070554049907	0.05974490162250426	0.37707366027978517	0.16122182895769308	0.22910217882027437	0.23260233194224747	0.0	0.20127510484038214	0.07904542394216826	24.009363175450805
281000	-9280.368733949577	-9302.176759281496	21.80802533191844	-9302.176759281496	0.08760752587459578	0.4263547849717607	0.20758240991490282	0.7176146771845653	0.06064710039118865	0.12754070554049907	0.05974490162250426	0.37707366027978517	0.16122182895769308	0.22910217882027437	0.23260233194224747	0.0	0.20127510484038214	0.07333326147719049	22.29282293410877
282000	-9286.836219645258	-9306.578802376236	19.742582730978516	-9306.578802376236	0.09000493613444346	0.45615499206560484	0.20758240991490282	0.7176146771845653	0.06064710039118865	0.12754070554049907	0.05974490162250426	0.37707366027978517	0.16122182895769308	0.22910217882027437	0.23260233194224747	0.0	0.20127510484038214	0.10624995024250523	20.59816039484015
283000	-9284.509978694212	-9304.435792579427	19.92581388521427	-9304.435792579427	0.09518884249180944	0.4525356533401479	0.20758240991490282	0.9302242018311969	0.09339645000793104	0.12754070554049907	0.05974490162250426	0.37707366027978517	0.16865859551296083	0.2216654122650066	0.23260233194224747	0.0	0.20127510484038214	0.1046310592404601	21.400364872736127
284000	-9280.874681651238	-9302.045484023047	21.17080237181003	-9302.045484023047	0.08841572845405223	0.42088651884204464	0.20758240991490282	0.9302242018311969	0.09339645000793104	0.12754070554049907	0.05974490162250426	0.37707366027978517	0.16865859551296083	0.2216654122650066	0.23260233194224747	0.0	0.20127510484038214	0.09382777260047494	22.536373813660802
285000	-9278.011800844833	-9298.905442352843	20.89364150801003	-9298.905442352843	0.09083935734222054	0.4433082694600684	0.146903940745717	0.9302242018311969	0.09339645000793104	0.12754070554049907	0.05974490162250426	0.37707366027978517	0.16865859551296083	0.2216654122650066	0.23260233194224747	0.0	0.20127510484038214	0.09223615726941965	21.907574389786355
286000	-9280.394254648445	-9301.601627441065	21.207372792620806	-9301.601627441065	0.09527744715421493	0.4569005579094261	0.146903940745717	0.9302242018311969	0.09339645000793104	0.12754070554049907	0.05974490162250426	0.37707366027978517	0.16865859551296083	0.2216654122650066	0.23260233194224747	0.0	0.20127510484038214	0.06629508134132672	21.89106916596232
287000	-9279.656527706633	-9301.722918047915	22.066390341282666	-9301.722918047915	0.08829349370157169	0.42670236372897175	0.146903940745717	0.9302242018311969	0.09339645000793104	0.12754070554049907	0.05974490162250426	0.37707366027978517	0.16865859551296083	0.2216654122650066	0.23260233194224747	0.0	0.20127510484038214	0.06310252594052658	22.700731807597197
288000	-9282.99144078924	-9302.915523983726	19.92408319448587	-9302.915523983726	0.0976916164389031	0.45736478115974377	0.1975951372912783	0.9302242018311969	0.09339645000793104	0.12754070554049907	0.05974490162250426	0.37707366027978517	0.16865859551296083	0.2216654122650066	0.23260233194224747	0.0	0.20127510484038214	0.1013394553096971	21.318828010042715
289000	-9281.627422136815	-9304.656751918184	23.02932978136946	-9304.656751918184	0.08298878188378991	0.3952776666800646	0.1975951372912783	0.9302242018311969	0.09339645000793104	0.12754070554049907	0.05974490162250426	0.37707366027978517	0.16865859551296083	0.2216654122650066	0.23260233194224747	0.0	0.20127510484038214	0.05711444241591064	23.850655788430107
290000	-9276.002178792185	-9297.3900776691	21.387898876915404	-9297.3900776691	0.08520966817297437	0.42028193662224533	0.1975951372912783	0.9302242018311969	0.09339645000793104	0.12754070554049907	0.05974490162250426	0.37707366027978517	0.16865859551296083	0.2216654122650066	0.23260233194224747	0.0	0.20127510484038214	0.07366382631905277	22.463679722669944
291000	-9281.007485163695	-9300.756839927602	19.749354763907593	-9300.756839927602	0.09235070097061279	0.44286050342809974	0.1975951372912783	0.9302242018311969	0.09339645000793104	0.12754070554049907	0.05974490162250426	0.37707366027978517	0.16865859551296083	0.2216654122650066	0.23260233194224747	0.0	0.20127510484038214	0.10452506578510697	21.17505066092518
292000	-9279.902752611131	-9301.11265356724	21.209900956108367	-9301.11265356724	0.09001644633344272	0.4317728618625396	0.1975951372912783	0.9302242018311969	0.07318802418653154	0.12754070554049907	0.05974490162250426	0.37707366027978517	0.16865859551296083	0.2216654122650066	0.23260233194224747	0.0	0.20127510484038214	0.06170591467494088	21.874898436241175
293000	-9282.128634563895	-9303.489197827837	21.360563263943153	-9303.489197827837	0.0927105845100333	0.43765865190414754	0.1975951372912783	0.9302242018311969	0.07318802418653154	0.12754070554049907	0.05974490162250426	0.37707366027978517	0.16865859551296083	0.2216654122650066	0.23260233194224747	0.0	0.20127510484038214	0.08249780997604697	22.315952703171988
294000	-9278.426454153137	-9299.194863336117	20.76840918297925	-9299.194863336117	0.08755321748679086	0.4343217569789001	0.1975951372912783	0.9302242018311969	0.07318802418653154	0.12754070554049907	0.05974490162250426	0.37707366027978517	0.16865859551296083	0.2216654122650066	0.23260233194224747	0.0	0.20127510484038214	0.061663146615841984	21.432713327840403
295000	-9275.600253839384	-9296.785694778602	21.18544093921823	-9296.785694778602	0.09240978528866717	0.4398717157812183	0.1975951372912783	0.9302242018311969	0.07318802418653154	0.12754070554049907	0.05974490162250426	0.37707366027978517	0.16865859551296083	0.2216654122650066	0.23260233194224747	0.0	0.20127510484038214	0.07022793273919539	21.979804765361052
296000	-9276.17428313809	-9296.527087791981	20.352804653890853	-9296.527087791981	0.08940095697906142	0.43877290803377206	0.1975951372912783	0.9302242018311969	0.07318802418653154	0.12754070554049907	0.05974490162250426	0.37707366027978517	0.16865859551296083	0.2216654122650066	0.23260233194224747	0.0	0.20127510484038214	0.10340254463701447	21.53405191729011
297000	-9280.221098395583	-9300.321187218555	20.100088822972186	-9300.321187218555	0.09127461349989685	0.45437896677221545	0.1975951372912783	0.9302242018311969	0.07318802418653154	0.12754070554049907	0.05974490162250426	0.37707366027978517	0.16865859551296083	0.2216654122650066	0.23260233194224747	0.0	0.20127510484038214	0.06883213503023056	20.87437722977728
298000	-9276.707855454217	-9298.619558002445	21.9117025482288	-9298.619558002445	0.09001332191177869	0.42503077833513053	0.1975951372912783	0.9302242018311969	0.07318802418653154	0.12754070554049907	0.05974490162250426	0.38921887857609094	0.16865859551296083	0.2216654122650066	0.22045711364594173	0.0	0.20127510484038214	0.06337499347959971	22.669166951322975
299000	-9280.802016624648	-9299.882796342263	19.080779717615567	-9299.882796342263	0.0912789649938979	0.44989428492758365	0.1975951372912783	0.9302242018311969	0.07318802418653154	0.12754070554049907	0.05974490162250426	0.38921887857609094	0.16865859551296083	0.2216654122650066	0.22045711364594173	0.0	0.20127510484038214	0.1202126550928371	20.47843706187783
300000	-9277.741413792668	-9298.314758365166	20.57334457249875	-9298.314758365166	0.08540506995121012	0.4344186161565826	0.1975951372912783	0.9302242018311969	0.07318802418653154	0.12754070554049907	0.05974490162250426	0.38921887857609094	0.16865859551296083	0.2216654122650066	0.22045711364594173	0.0	0.20127510484038214	0.08824805884139793	21.66189131600761
301000	-9282.329808087166	-9304.22019743129	21.890389344123353	-9304.22019743129	0.08628571478226094	0.42112158461544846	0.1975951372912783	0.9302242018311969	0.07318802418653154	0.056974804821296035	0.05974490162250426	0.38921887857609094	0.16865859551296083	0.2216654122650066	0.22045711364594173	0.0	0.20127510484038214	0.08923733339461991	22.21749218377456
302000	-9273.359613613942	-9295.835146649115	22.47553303517246	-9295.835146649115	0.0854081327877874	0.4223400006615851	0.1975951372912783	0.6891666696829122	0.07318802418653154	0.0845315908525777	0.05974490162250426	0.38921887857609094	0.16865859551296083	0.2216654122650066	0.22045711364594173	0.0	0.20127510484038214	0.07395881681041942	22.695392593277067
303000	-9271.230584379115	-9293.425667160222	22.19508278110699	-9293.425667160222	0.09078884240484723	0.44534114809498193	0.1975951372912783	0.6891666696829122	0.07318802418653154	0.04518470322536977	0.05974490162250426	0.38921887857609094	0.16865859551296083	0.23104906808832074	0.2110734578226276	0.0	0.20127510484038214	0.06662822196767067	21.71768696785371
304000	-9275.842266281355	-9298.341720672555	22.49945439119949	-9298.341720672555	0.08987415221220954	0.42041236787009184	0.1975951372912783	0.6891666696829122	0.07318802418653154	0.04518470322536977	0.05974490162250426	0.38921887857609094	0.16865859551296083	0.23104906808832074	0.2110734578226276	0.0	0.20127510484038214	0.09269015180239903	22.352192566518998
305000	-9275.44748214793	-9297.21261138535	21.76512923741913	-9297.21261138535	0.09878271568457635	0.4636461841942795	0.1975951372912783	0.6891666696829122	0.07318802418653154	0.04518470322536977	0.05974490162250426	0.38921887857609094	0.16865859551296083	0.23104906808832074	0.2110734578226276	0.0	0.20127510484038214	0.08478328309511429	21.528703573161437
306000	-9273.451111180304	-9295.462006313554	22.01089513324917	-9295.462006313554	0.0912864705470334	0.4412369873761135	0.1975951372912783	0.6891666696829122	0.07318802418653154	0.04518470322536977	0.05974490162250426	0.38921887857609094	0.16865859551296083	0.23104906808832074	0.2110734578226276	0.0	0.20127510484038214	0.0963801446332495	21.902671290806587
307000	-9278.330087765968	-9301.851370087395	23.521282321427393	-9301.851370087395	0.0846028542707575	0.4067281062468465	0.1975951372912783	0.6891666696829122	0.07318802418653154	0.04518470322536977	0.05974490162250426	0.38921887857609094	0.16865859551296083	0.23104906808832074	0.2110734578226276	0.0	0.20127510484038214	0.07012311288294977	23.095010719838182
308000	-9271.08741132521	-9293.231271067569	22.143859742358128	-9293.231271067569	0.09246598221065497	0.4540990001076608	0.1975951372912783	0.6891666696829122	0.07318802418653154	0.04518470322536977	0.05974490162250426	0.38921887857609094	0.16865859551296083	0.23104906808832074	0.2110734578226276	0.0	0.20127510484038214	0.07493145022968282	21.78390938669709
309000	-9274.916339986194	-9297.612970288901	22.696630302708023	-9297.612970288901	0.09087301071789392	0.4448110088836061	0.1975951372912783	0.6891666696829122	0.07318802418653154	0.04518470322536977	0.042547500673739434	0.38921887857609094	0.16865859551296083	0.23104906808832074	0.2110734578226276	0.0	0.20127510484038214	0.07526524815239521	22.016915417901497
310000	-9272.858810139871	-9295.993951547292	23.13514140742208	-9295.993951547292	0.08554203263376371	0.41674053975674596	0.1975951372912783	0.6891666696829122	0.07318802418653154	0.04518470322536977	0.06244076415813579	0.38921887857609094	0.16865859551296083	0.23104906808832074	0.2110734578226276	0.0	0.20127510484038214	0.07686918468460725	22.842919767667283
311000	-9277.429547891015	-9297.254316311788	19.824768420772756	-9297.254316311788	0.09286779908295564	0.45917365204420657	0.1975951372912783	0.6891666696829122	0.04417795577235306	0.04518470322536977	0.06244076415813579	0.38921887857609094	0.16865859551296083	0.23104906808832074	0.2110734578226276	0.0	0.20127510484038214	0.044590474533901414	18.50549537480371
312000	-9276.394302562327	-9297.486777686838	21.092475124510802	-9297.486777686838	0.09417448800109662	0.46033349646610827	0.13911175591362046	0.6891666696829122	0.04417795577235306	0.04518470322536977	0.06244076415813579	0.38921887857609094	0.16865859551296083	0.23104906808832074	0.2110734578226276	0.0	0.20127510484038214	0.11783968498118685	20.405763140184632
313000	-9276.710085924196	-9297.606355499678	20.896269575481167	-9297.606355499678	0.09514550323666361	0.47744780416490884	0.13911175591362046	0.6891666696829122	0.04417795577235306	0.04518470322536977	0.06244076415813579	0.38921887857609094	0.16865859551296083	0.23104906808832074	0.2110734578226276	0.0	0.20127510484038214	0.10963824674039647	20.137418772528623
314000	-9271.51285991554	-9294.067155284123	22.554295368583702	-9294.067155284123	0.08235015782425383	0.41219936104583127	0.13911175591362046	0.6891666696829122	0.06612191700369928	0.04518470322536977	0.06244076415813579	0.38921887857609094	0.16865859551296083	0.23104906808832074	0.2110734578226276	0.0	0.20127510484038214	0.09801698884425311	22.06870412260213
315000	-9272.613118862104	-9294.378696200132	21.76557733802901	-9294.378696200132	0.09178921778505914	0.43325251964882205	0.13911175591362046	0.6891666696829122	0.06612191700369928	0.09864774209493404	0.06244076415813579	0.38921887857609094	0.16865859551296083	0.23104906808832074	0.2110734578226276	0.0	0.20127510484038214	0.05008029201714614	21.355576036406642
316000	-9270.796050910556	-9292.768305102818	21.97225419226252	-9292.768305102818	0.09279756613846914	0.4348919797231537	0.1668348000574766	0.6891666696829122	0.06612191700369928	0.09864774209493404	0.06244076415813579	0.38921887857609094	0.16865859551296083	0.23104906808832074	0.2110734578226276	0.0	0.20127510484038214	0.08644653152916522	22.283563894991282
317000	-9272.738479818405	-9293.46250584778	20.724026029374397	-9293.46250584778	0.08013019104208308	0.4001392402799814	0.1668348000574766	0.6891666696829122	0.06612191700369928	0.09864774209493404	0.06244076415813579	0.38921887857609094	0.16865859551296083	0.23104906808832074	0.2110734578226276	0.0	0.20127510484038214	0.12035661685508928	21.366268784717043
318000	-9268.440079652126	-9291.938124742683	23.49804509055725	-9291.938124742683	0.07839370257405179	0.3936344005836523	0.1668348000574766	0.6891666696829122	0.06612191700369928	0.09864774209493404	0.06244076415813579	0.38921887857609094	0.16865859551296083	0.23104906808832074	0.2110734578226276	0.0	0.20127510484038214	0.06434156803779906	23.514034595714666
319000	-9274.920489319205	-9295.549599340393	20.629110021187746	-9295.549599340393	0.09317617157045394	0.45879901496657205	0.1668348000574766	0.6891666696829122	0.06612191700369928	0.09864774209493404	0.06244076415813579	0.38921887857609094	0.15641438631011256	0.23104906808832074	0.22331766702547587	0.0	0.20127510484038214	0.05450637583167695	20.536147294603772
320000	-9273.882848545443	-9294.909743209008	21.02689466356381	-9294.909743209008	0.08998053599567332	0.4319592429954472	0.1668348000574766	0.6891666696829122	0.06612191700369928	0.09864774209493404	0.06244076415813579	0.38921887857609094	0.15641438631011256	0.23104906808832074	0.22331766702547587	0.0	0.20127510484038214	0.046982450420097494	20.78538839107957
321000	-9276.019635811039	-9298.778718870737	22.759083059697907	-9298.778718870737	0.09200448907484254	0.4311034648376698	0.1668348000574766	0.6891666696829122	0.04701340113418251	0.09864774209493404	0.06244076415813579	0.38921887857609094	0.15641438631011256	0.23104906808832074	0.22331766702547587	0.0	0.20127510484038214	0.07701891499161118	22.685928644832636
322000	-9273.502174680747	-9296.443394191334	22.941219510587104	-9296.443394191334	0.08780438606399223	0.42295521390730106	0.1668348000574766	0.6891666696829122	0.04701340113418251	0.09864774209493404	0.06244076415813579	0.38921887857609094	0.15641438631011256	0.23104906808832074	0.22331766702547587	0.0	0.20127510484038214	0.0752673565997314	22.845060584314194
323000	-9272.743134249196	-9295.956110969386	23.21297672018978	-9295.956110969386	0.08364923392134262	0.4079476203922737	0.1668348000574766	0.6891666696829122	0.04701340113418251	0.09864774209493404	0.06244076415813579	0.38921887857609094	0.15641438631011256	0.23104906808832074	0.22331766702547587	0.0	0.20127510484038214	0.058862829263763884	22.870981073728093
324000	-9277.116782509087	-9298.737766045033	21.620983535945935	-9298.737766045033	0.09601766142787478	0.4624901316408293	0.1668348000574766	0.6891666696829122	0.04701340113418251	0.09864774209493404	0.06244076415813579	0.38921887857609094	0.15641438631011256	0.23104906808832074	0.22331766702547587	0.0	0.20127510484038214	0.08172761741175437	21.607170059312907
325000	-9270.557508885462	-9291.116773494376	20.559264608913786	-9291.116773494376	0.09078844955609552	0.4399220879185225	0.1668348000574766	0.6891666696829122	0.04701340113418251	0.09864774209493404	0.06244076415813579	0.38921887857609094	0.15641438631011256	0.23104906808832074	0.22331766702547587	0.0	0.20127510484038214	0.04726809960198747	19.997894794070348
326000	-9274.03687171612	-9295.748097704085	21.711225987964767	-9295.748097704085	0.0941295840630732	0.45273056273159706	0.1668348000574766	0.6891666696829122	0.04701340113418251	0.09864774209493404	0.06244076415813579	0.38921887857609094	0.15641438631011256	0.23104906808832074	0.22331766702547587	0.0	0.20127510484038214	0.07761830309340863	21.645823796154215
327000	-9277.678943472072	-9298.049279682238	20.370336210165114	-9298.049279682238	0.09544598594389143	0.4692495734266536	0.1668348000574766	0.6891666696829122	0.04701340113418251	0.09864774209493404	0.06244076415813579	0.38921887857609094	0.15641438631011256	0.23104906808832074	0.22331766702547587	0.0	0.20127510484038214	0.10972650733331599	20.65112172722481
328000	-9276.153870614218	-9299.002776568665	22.848905954446373	-9299.002776568665	0.08983052501990281	0.42278781756991674	0.1668348000574766	0.6891666696829122	0.04701340113418251	0.09864774209493404	0.06244076415813579	0.38921887857609094	0.15641438631011256	0.23104906808832074	0.22331766702547587	0.0	0.20127510484038214	0.084769908964879	22.871641131364996
329000	-9277.439091680213	-9300.783900488574	23.34480880836052	-9300.783900488574	0.08219949844430643	0.3928910324322117	0.1668348000574766	0.6891666696829122	0.04701340113418251	0.09864774209493404	0.06244076415813579	0.38921887857609094	0.15641438631011256	0.23104906808832074	0.22331766702547587	0.0	0.20127510484038214	0.07964096833347233	23.30513199057215
330000	-9275.229291868116	-9296.573807952347	21.34451608423137	-9296.573807952347	0.08901964024431212	0.43717334739254693	0.1668348000574766	0.6891666696829122	0.04701340113418251	0.09864774209493404	0.06244076415813579	0.38921887857609094	0.15641438631011256	0.23104906808832074	0.22331766702547587	0.0	0.20127510484038214	0.10499172965657816	21.581192210317482
331000	-9279.705372614308	-9301.013340573536	21.307967959227636	-9301.013340573536	0.0930076770724446	0.44241943055239774	0.1668348000574766	0.6891666696829122	0.08764776987047519	0.09864774209493404	0.06244076415813579	0.38921887857609094	0.15641438631011256	0.23104906808832074	0.22331766702547587	0.0	0.20127510484038214	0.0624663399075471	21.62120259258397
332000	-9278.018913404696	-9300.234039898432	22.215126493737376	-9300.234039898432	0.08871586781202268	0.42063849673228415	0.1668348000574766	0.6891666696829122	0.08764776987047519	0.09864774209493404	0.06244076415813579	0.38921887857609094	0.15641438631011256	0.23104906808832074	0.22331766702547587	0.0	0.20127510484038214	0.07954709464985739	22.77008250870896
333000	-9277.204294050434	-9299.734916340554	22.53062229011989	-9299.734916340554	0.08541974235989358	0.4091140512963121	0.1668348000574766	0.6891666696829122	0.08764776987047519	0.09864774209493404	0.06244076415813579	0.38921887857609094	0.15641438631011256	0.23104906808832074	0.22331766702547587	0.0	0.20127510484038214	0.08397183042790574	23.139710463840938
334000	-9273.831916902755	-9295.067725046954	21.235808144200114	-9295.067725046954	0.0902364304950848	0.4326905869818817	0.1668348000574766	0.6891666696829122	0.08764776987047519	0.09864774209493404	0.06244076415813579	0.38921887857609094	0.15641438631011256	0.23104906808832074	0.22331766702547587	0.0	0.20127510484038214	0.08481318717664112	21.854865967235728
335000	-9277.532089419883	-9297.777514020634	20.24542460075039	-9297.777514020634	0.1008234307988711	0.4882784260265618	0.1668348000574766	0.6891666696829122	0.05628129226568208	0.09864774209493404	0.06244076415813579	0.38921887857609094	0.15641438631011256	0.23104906808832074	0.22331766702547587	0.0	0.20127510484038214	0.07146654311499608	20.269308372473137
336000	-9275.517098905933	-9296.896225236682	21.37912633074899	-9296.896225236682	0.09249222307233122	0.44362041894082593	0.1668348000574766	0.6891666696829122	0.05628129226568208	0.11429962975967241	0.06244076415813579	0.38921887857609094	0.15641438631011256	0.23104906808832074	0.22331766702547587	0.0	0.20127510484038214	0.08518347317674374	21.72005790579163
337000	-9275.755593478534	-9296.759536301115	21.003942822580076	-9296.759536301115	0.09271597623016281	0.4539231032420712	0.1668348000574766	0.6891666696829122	0.05628129226568208	0.11429962975967241	0.06244076415813579	0.38921887857609094	0.15641438631011256	0.23104906808832074	0.22331766702547587	0.0	0.20127510484038214	0.10019451530493026	21.507180409079034
338000	-9273.924992374596	-9294.473850707496	20.548858332901037	-9294.473850707496	0.09050886359088388	0.436194128753904	0.1668348000574766	0.6891666696829122	0.05628129226568208	0.08483894246547559	0.06244076415813579	0.38921887857609094	0.15641438631011256	0.23104906808832074	0.22331766702547587	0.0	0.20127510484038214	0.04431428018175539	19.9501781441595
339000	-9272.224754907362	-9294.8179065789	22.593151671538504	-9294.8179065789	0.08602579861037299	0.41940403226148965	0.1668348000574766	0.6891666696829122	0.05628129226568208	0.08483894246547559	0.06244076415813579	0.38921887857609094	0.15641438631011256	0.2354793309396976	0.218887404174099	0.0	0.20127510484038214	0.05849531925641882	22.275245563987077
340000	-9276.656862374237	-9297.128430318862	20.471567944624592	-9297.128430318862	0.10065548301012926	0.4824284712427563	0.1668348000574766	0.6891666696829122	0.05628129226568208	0.08483894246547559	0.06244076415813579	0.38921887857609094	0.1708795797882852	0.22533010836690368	0.2145714332687203	0.0	0.20127510484038214	0.07428579876971181	20.319198304004225
341000	-9271.528920314471	-9293.113135027295	21.58421471282455	-9293.113135027295	0.09530321876314868	0.46169782214430055	0.1668348000574766	0.6891666696829122	0.05628129226568208	0.08483894246547559	0.06244076415813579	0.38921887857609094	0.1708795797882852	0.22533010836690368	0.2145714332687203	0.0	0.20127510484038214	0.0637585261621956	21.279028191216447
342000	-9274.330924777987	-9294.692649636558	20.361724858569698	-9294.692649636558	0.10406078036774646	0.4805520116074228	0.1668348000574766	0.6891666696829122	0.05628129226568208	0.08483894246547559	0.06244076415813579	0.38921887857609094	0.1708795797882852	0.22533010836690368	0.2145714332687203	0.0	0.20127510484038214	0.05447852398502832	19.899241986833655
343000	-9269.897229246908	-9290.594081950607	20.696852703698383	-9290.594081950607	0.10008224108605855	0.4663023139717538	0.1668348000574766	0.6891666696829122	0.05628129226568208	0.08483894246547559	0.06244076415813579	0.38921887857609094	0.1708795797882852	0.22533010836690368	0.2145714332687203	0.0	0.20127510484038214	0.11319587807211637	20.96568301558955
344000	-9270.535877541308	-9292.577105797025	22.041228255717293	-9292.577105797025	0.09041324575508744	0.43718546065787045	0.1668348000574766	0.6891666696829122	0.05628129226568208	0.08483894246547559	0.06244076415813579	0.38921887857609094	0.1708795797882852	0.22533010836690368	0.2145714332687203	0.0	0.20127510484038214	0.08503931007812521	22.024052436383517
345000	-9271.55507547492	-9293.252435119273	21.69735964435275	-9293.252435119273	0.09478878504206535	0.45848475472587896	0.1668348000574766	0.6891666696829122	0.05628129226568208	0.08483894246547559	0.06244076415813579	0.38921887857609094	0.17125072725512688	0.22495896090006198	0.2145714332687203	0.0	0.20127510484038214	0.07659899244773874	21.574090702690963
346000	-9267.417488951349	-9290.392770149429	22.97528119807944	-9290.392770149429	0.09255575216017208	0.43220759413088605	0.1668348000574766	0.6891666696829122	0.05628129226568208	0.08483894246547559	0.06244076415813579	0.38921887857609094	0.17125072725512688	0.22495896090006198	0.2145714332687203	0.0	0.20127510484038214	0.07548729800622736	22.8373927369546
347000	-9272.492035991962	-9295.804310253792	23.312274261830083	-9295.804310253792	0.08042884249604255	0.3951724747419716	0.1668348000574766	0.6891666696829122	0.05628129226568208	0.08483894246547559	0.06244076415813579	0.38921887857609094	0.17125072725512688	0.22495896090006198	0.2145714332687203	0.0	0.20127510484038214	0.056551617061561844	22.88557519433841
348000	-9268.060447124832	-9290.135137995561	22.07469087072983	-9290.135137995561	0.08553859359719537	0.431147002983803	0.1668348000574766	0.6891666696829122	0.05628129226568208	0.08483894246547559	0.06244076415813579	0.38921887857609094	0.17125072725512688	0.22495896090006198	0.2145714332687203	0.0	0.20127510484038214	0.061733591288617114	21.735666217908335
349000	-9270.254020780363	-9293.69138258921	23.43736180884696	-9293.69138258921	0.08827242357715784	0.41088731541889467	0.1668348000574766	0.6891666696829122	0.05628129226568208	0.08483894246547559	0.06244076415813579	0.38921887857609094	0.17125072725512688	0.22495896090006198	0.2145714332687203	0.0	0.20127510484038214	0.073654723742872	23.274897222518018
350000	-9273.744187166343	-9294.66398069957	20.91979353322659	-9294.66398069957	0.09571854929495194	0.4546686898502191	0.1668348000574766	0.6891666696829122	0.05628129226568208	0.08483894246547559	0.06244076415813579	0.38921887857609094	0.17125072725512688	0.22495896090006198	0.2145714332687203	0.0	0.20127510484038214	0.1094038043429133	21.152986332327092
351000	-9270.494414359468	-9292.157111767256	21.66269740778748	-9292.157111767256	0.09189110054491421	0.4494754743225319	0.13748044255572606	0.6891666696829122	0.08195477643922117	0.08483894246547559	0.06244076415813579	0.38921887857609094	0.17125072725512688	0.22495896090006198	0.2145714332687203	0.0	0.20127510484038214	0.063064945591441	21.517810349510007
352000	-9272.449284196868	-9293.304865699713	20.855581502844082	-9293.304865699713	0.09657815907041133	0.46572412032711047	0.13748044255572606	0.6891666696829122	0.08195477643922117	0.08483894246547559	0.06244076415813579	0.38921887857609094	0.17125072725512688	0.22495896090006198	0.2145714332687203	0.0	0.20127510484038214	0.055853429888880535	20.589260302908688
353000	-9271.143203236183	-9291.64247113982	20.499267903637556	-9291.64247113982	0.08922154410257331	0.45120326266609007	0.13748044255572606	0.6891666696829122	0.07585296800220778	0.08483894246547559	0.06244076415813579	0.38921887857609094	0.17125072725512688	0.22495896090006198	0.2145714332687203	0.0	0.20127510484038214	0.10859337906007929	20.82371381035761
354000	-9270.471385861749	-9290.556599341471	20.085213479722174	-9290.556599341471	0.09246544228601411	0.44080835479263336	0.13748044255572606	0.6891666696829122	0.07585296800220778	0.08483894246547559	0.06244076415813579	0.38921887857609094	0.17125072725512688	0.22495896090006198	0.2145714332687203	0.0	0.20127510484038214	0.12696168921832413	20.56593432835044
355000	-9271.561231528565	-9293.459955149614	21.898723621049385	-9293.459955149614	0.08897672613828812	0.42408990393257795	0.13748044255572606	0.6891666696829122	0.07585296800220778	0.08483894246547559	0.06244076415813579	0.38921887857609094	0.17125072725512688	0.22495896090006198	0.2145714332687203	0.0	0.20127510484038214	0.049490810030834075	21.437346084821435
356000	-9270.53928720832	-9291.41487305017	20.875585841849265	-9291.41487305017	0.0981612521746196	0.4699629087633127	0.13748044255572606	0.6891666696829122	0.07585296800220778	0.08483894246547559	0.06244076415813579	0.38921887857609094	0.17125072725512688	0.22495896090006198	0.2145714332687203	0.0	0.20127510484038214	0.09859621206737224	21.103454152929636
357000	-9272.673977929246	-9294.040313792731	21.366335863486242	-9294.040313792731	0.08898050861057322	0.43757351065491323	0.13748044255572606	0.6891666696829122	0.07585296800220778	0.08483894246547559	0.06244076415813579	0.38921887857609094	0.17125072725512688	0.22495896090006198	0.2145714332687203	0.0	0.20127510484038214	0.09735558934406893	21.581541475969132
358000	-9269.683482509272	-9291.53130934113	21.847826831857933	-9291.53130934113	0.08330146740854524	0.40701455576766976	0.13748044255572606	0.6891666696829122	0.07585296800220778	0.0633698546990036	0.06244076415813579	0.38921887857609094	0.17125072725512688	0.22495896090006198	0.2145714332687203	0.0	0.20127510484038214	0.04674749105795759	21.05009790311113
359000	-9272.521647556187	-9294.875540230672	22.353892674485945	-9294.875540230672	0.08833933205645941	0.4339589858777863	0.13748044255572606	0.6891666696829122	0.07585296800220778	0.0633698546990036	0.06244076415813579	0.38921887857609094	0.17125072725512688	0.22495896090006198	0.2145714332687203	0.0	0.20127510484038214	0.06364395438663724	21.864707497003984
360000	-9275.104854049057	-9296.189809565149	21.08495551609064	-9296.189809565149	0.0951635717871646	0.4601663916864088	0.13748044255572606	0.6891666696829122	0.07585296800220778	0.04544155799343383	0.06244076415813579	0.38921887857609094	0.17125072725512688	0.22495896090006198	0.2145714332687203	0.0	0.20127510484038214	0.05870821102954834	20.197319619600233
361000	-9276.315100306487	-9297.4058814573	21.090781150812386	-9297.4058814573	0.0874203188355121	0.4221226849722039	0.13748044255572606	0.6891666696829122	0.07585296800220778	0.04544155799343383	0.06244076415813579	0.38921887857609094	0.17125072725512688	0.22495896090006198	0.2145714332687203	0.0	0.20127510484038214	0.12099032170303023	20.92627621248977
362000	-9276.765581675674	-9299.565726924546	22.800145248872454	-9299.565726924546	0.08294647142222701	0.41322983904647187	0.13748044255572606	0.6891666696829122	0.07585296800220778	0.04544155799343383	0.06244076415813579	0.38921887857609094	0.17617195204432468	0.22495896090006198	0.2096502084795225	0.0	0.20127510484038214	0.05735169643718838	21.87374350564628
363000	-9270.712265669581	-9292.783786888513	22.071521218930876	-9292.783786888513	0.0915474961208159	0.4525597044492966	0.13748044255572606	0.6891666696829122	0.07585296800220778	0.04544155799343383	0.06244076415813579	0.38921887857609094	0.17617195204432468	0.22495896090006198	0.2096502084795225	0.0	0.20127510484038214	0.08382350715525291	21.524630535275264
364000	-9267.883662266358	-9290.66927977246	22.785617506102152	-9290.66927977246	0.08953111667729878	0.43895280895013733	0.13748044255572606	0.6891666696829122	0.07585296800220778	0.04544155799343383	0.06244076415813579	0.38921887857609094	0.17617195204432468	0.22495896090006198	0.2096502084795225	0.0	0.20127510484038214	0.07585613284167987	22.13885189670952
365000	-9270.419098448052	-9293.544159011886	23.125060563835152	-9293.544159011886	0.09023959731273515	0.4288342197722498	0.13748044255572606	0.6891666696829122	0.07585296800220778	0.04544155799343383	0.06244076415813579	0.38921887857609094	0.17617195204432468	0.22495896090006198	0.2096502084795225	0.0	0.20127510484038214	0.07168865348495185	22.421788882270867
366000	-9272.038018757485	-9294.608680127974	22.570661370489578	-9294.608680127974	0.07942557812319172	0.4031905397051301	0.13748044255572606	0.6891666696829122	0.07585296800220778	0.04544155799343383	0.1038619816813534	0.38921887857609094	0.17617195204432468	0.22495896090006198	0.2096502084795225	0.0	0.20127510484038214	0.08884557796612927	22.569501464624413
367000	-9275.128588671985	-9296.51826207831	21.389673406326292	-9296.51826207831	0.08564229858234465	0.4234289282565253	0.13748044255572606	0.6891666696829122	0.07585296800220778	0.09243601133557877	0.1038619816813534	0.38921887857609094	0.17617195204432468	0.22495896090006198	0.2096502084795225	0.0	0.20127510484038214	0.05001713609899233	21.493263927161856
368000	-9274.499246695272	-9295.159593297854	20.660346602581903	-9295.159593297854	0.09503873807547572	0.45229636301904086	0.13748044255572606	0.6891666696829122	0.07585296800220778	0.09243601133557877	0.1038619816813534	0.38921887857609094	0.17617195204432468	0.22495896090006198	0.2096502084795225	0.0	0.20127510484038214	0.09535324511017036	21.40915981985976
369000	-9273.634632613077	-9294.650737706115	21.016105093037464	-9294.650737706115	0.09141175161227302	0.4402368987035602	0.13748044255572606	0.6891666696829122	0.07585296800220778	0.09243601133557877	0.1038619816813534	0.38921887857609094	0.17617195204432468	0.22495896090006198	0.2096502084795225	0.0	0.20127510484038214	0.09998796460712095	21.81237976999698
370000	-9277.89886934566	-9299.783434490415	21.88456514475462	-9299.783434490415	0.0924175365820276	0.43956124756979137	0.13748044255572606	0.6891666696829122	0.07585296800220778	0.09243601133557877	0.05831506075763073	0.38921887857609094	0.17617195204432468	0.22495896090006198	0.2096502084795225	0.0	0.20127510484038214	0.053294737035247494	21.498730488606625
371000	-9277.331700625931	-9297.211575729332	19.87987510340149	-9297.211575729332	0.09287581236161163	0.4488001075942642	0.13748044255572606	0.6891666696829122	0.07585296800220778	0.09243601133557877	0.05831506075763073	0.38921887857609094	0.17617195204432468	0.22495896090006198	0.2096502084795225	0.0	0.20127510484038214	0.12521859414778205	20.348263826456105
372000	-9270.564776958718	-9293.124386828466	22.55960986974741	-9293.124386828466	0.0918012045108248	0.4336882055812342	0.13748044255572606	0.6891666696829122	0.07585296800220778	0.09243601133557877	0.05831506075763073	0.38921887857609094	0.17617195204432468	0.22495896090006198	0.2096502084795225	0.0	0.20127510484038214	0.062399258180565846	22.331491016778767
373000	-9271.473528732435	-9293.146879454947	21.673350722512957	-9293.146879454947	0.09668625716182158	0.45823173285582464	0.13748044255572606	0.6891666696829122	0.07585296800220778	0.09243601133557877	0.05831506075763073	0.38921887857609094	0.17617195204432468	0.22495896090006198	0.2096502084795225	0.0	0.20127510484038214	0.06428436502927068	21.474994927426778
374000	-9276.972632679963	-9298.092493442608	21.11986076264408	-9298.092493442608	0.09915389459346496	0.48315868878311363	0.13748044255572606	0.6891666696829122	0.07585296800220778	0.05130184416894422	0.05831506075763073	0.38921887857609094	0.17617195204432468	0.22495896090006198	0.2096502084795225	0.0	0.20127510484038214	0.07911101800588782	20.565576824199066
375000	-9282.218578630678	-9299.373033876518	17.154455245840776	-9299.373033876518	0.09299054349557777	0.434404892271739	0.18125722017871135	0.6891666696829122	0.07585296800220778	0.0745101877784426	0.05831506075763073	0.38921887857609094	0.17617195204432468	0.22495896090006198	0.2096502084795225	0.0	0.20127510484038214	0.1837923971380301	18.066986897319843
376000	-9273.884481966255	-9296.207028549155	22.32254658290043	-9296.207028549155	0.09488169776817722	0.447799209335782	0.18125722017871135	0.6891666696829122	0.04855038219850861	0.0745101877784426	0.05831506075763073	0.38921887857609094	0.17617195204432468	0.22495896090006198	0.2096502084795225	0.0	0.20127510484038214	0.07464403547522584	21.907386722976867
377000	-9272.425919431556	-9295.47396817432	23.048048742763903	-9295.47396817432	0.08760822324338902	0.41313930117370323	0.18125722017871135	0.6891666696829122	0.0734523140881538	0.0745101877784426	0.05831506075763073	0.38921887857609094	0.17617195204432468	0.22495896090006198	0.2096502084795225	0.0	0.20127510484038214	0.07812627887268271	23.074307556329725
378000	-9276.416173349064	-9298.36848804592	21.95231469685748	-9298.36848804592	0.09445846092261201	0.45197916574026425	0.18125722017871135	0.6891666696829122	0.057713772941087954	0.0745101877784426	0.05831506075763073	0.38921887857609094	0.17617195204432468	0.22495896090006198	0.2096502084795225	0.0	0.20127510484038214	0.08047061371772642	21.777481714221558
379000	-9278.581105227093	-9300.67216132874	22.091056101645908	-9300.67216132874	0.09529573197574591	0.4494906352929399	0.18125722017871135	0.6891666696829122	0.057713772941087954	0.0745101877784426	0.05831506075763073	0.38921887857609094	0.17617195204432468	0.22495896090006198	0.2096502084795225	0.0	0.20127510484038214	0.07113808844148037	21.792953943999805
380000	-9290.238641874026	-9311.095974739297	20.857332865271452	-9311.095974739297	0.09373210672473381	0.44752532159255515	0.18125722017871135	0.6891666696829122	0.057713772941087954	0.0745101877784426	0.05831506075763073	0.38921887857609094	0.17617195204432468	0.22495896090006198	0.2096502084795225	0.0	0.20127510484038214	0.1085505596003379	20.981823863383777
381000	-9272.426162603957	-9294.40136396813	21.975201364173017	-9294.40136396813	0.09559783083608958	0.4471340924180194	0.18125722017871135	0.6891666696829122	0.06191835201397846	0.0745101877784426	0.05831506075763073	0.38921887857609094	0.17617195204432468	0.22495896090006198	0.2096502084795225	0.0	0.20127510484038214	0.07284088950993207	21.7679789667531
382000	-9272.446191470406	-9294.077821065866	21.6316295954596	-9294.077821065866	0.09127579335980426	0.4442840999222465	0.18125722017871135	0.6891666696829122	0.06191835201397846	0.0745101877784426	0.05831506075763073	0.38921887857609094	0.17617195204432468	0.22495896090006198	0.2096502084795225	0.0	0.20127510484038214	0.0542763098845432	21.130217581110184
383000	-9272.502877137345	-9294.3780301039	21.875152966554783	-9294.3780301039	0.08844625481260934	0.4317519193445043	0.18125722017871135	0.6891666696829122	0.06191835201397846	0.0745101877784426	0.05831506075763073	0.38921887857609094	0.17617195204432468	0.2361486932990166	0.19846047608056788	0.0	0.20127510484038214	0.05363629032771017	21.38079948165335
384000	-9275.156292620106	-9298.137953488153	22.981660868046827	-9298.137953488153	0.08632569414463684	0.4117622446847268	0.18125722017871135	0.6891666696829122	0.06191835201397846	0.0745101877784426	0.05831506075763073	0.38921887857609094	0.17617195204432468	0.2361486932990166	0.19846047608056788	0.0	0.20127510484038214	0.08133746621263403	22.903688235240303
385000	-9272.450722697744	-9295.02163445264	22.57091175489537	-9295.02163445264	0.08748240219848535	0.41859671148063476	0.18125722017871135	0.6891666696829122	0.06191835201397846	0.0745101877784426	0.05831506075763073	0.38921887857609094	0.17617195204432468	0.22672808455281304	0.20788108482677145	0.0	0.20127510484038214	0.08728675780539548	22.546533100789723
386000	-9276.901223392691	-9297.431319222229	20.530095829538084	-9297.431319222229	0.09586324253606052	0.4621963827635796	0.18125722017871135	0.6891666696829122	0.06191835201397846	0.0745101877784426	0.10943279866808081	0.38921887857609094	0.17617195204432468	0.22672808455281304	0.20788108482677145	0.0	0.20127510484038214	0.054812657336003226	20.643529069663963
387000	-9276.095601600979	-9297.139698431694	21.04409683071624	-9297.139698431694	0.08682430759079429	0.42573325601377854	0.18125722017871135	0.6891666696829122	0.06191835201397846	0.0745101877784426	0.10943279866808081	0.38921887857609094	0.17617195204432468	0.22672808455281304	0.20788108482677145	0.0	0.20127510484038214	0.10171840942680196	21.775817233925927
388000	-9275.24543482206	-9297.172530568048	21.92709574598799	-9297.172530568048	0.082831052911958	0.395356815588461	0.18125722017871135	0.6891666696829122	0.06191835201397846	0.0745101877784426	0.10943279866808081	0.38921887857609094	0.17617195204432468	0.22672808455281304	0.20788108482677145	0.0	0.20127510484038214	0.09929931238913384	22.63474649199182
389000	-9273.598280091572	-9296.44147092723	22.843190835657342	-9296.44147092723	0.08670189132857617	0.41696112262501445	0.18125722017871135	0.6891666696829122	0.06191835201397846	0.043012266195717165	0.10943279866808081	0.38921887857609094	0.17617195204432468	0.22672808455281304	0.20788108482677145	0.0	0.20127510484038214	0.07705533998908938	22.772099005033056
390000	-9279.93488866475	-9300.78561531591	20.850726651160887	-9300.78561531591	0.09133265757995085	0.4361312085990673	0.18125722017871135	0.6891666696829122	0.06191835201397846	0.043012266195717165	0.06304347755422135	0.38921887857609094	0.17617195204432468	0.22672808455281304	0.20788108482677145	0.0	0.20127510484038214	0.12579336386218495	20.74120087523927
391000	-9277.982652161745	-9299.65242003717	21.669767875424952	-9299.65242003717	0.09093215977337567	0.4439212495564971	0.18125722017871135	0.6891666696829122	0.09430505945127703	0.043012266195717165	0.0734478945987219	0.38921887857609094	0.17617195204432468	0.22672808455281304	0.20788108482677145	0.0	0.20127510484038214	0.05904485615452295	21.35297441287495
392000	-9283.070754696002	-9303.437004552778	20.366249856775635	-9303.437004552778	0.09564553638690942	0.4734783074153664	0.18125722017871135	0.6891666696829122	0.09430505945127703	0.043012266195717165	0.0734478945987219	0.38921887857609094	0.17617195204432468	0.22672808455281304	0.20788108482677145	0.0	0.20127510484038214	0.07920441728313789	20.343191036418244
393000	-9271.905751084365	-9295.074426026695	23.16867494233059	-9295.074426026695	0.0903690937369238	0.42860946068502637	0.18125722017871135	0.6891666696829122	0.055978184398916005	0.043012266195717165	0.0734478945987219	0.38921887857609094	0.17617195204432468	0.22672808455281304	0.20788108482677145	0.0	0.20127510484038214	0.06838956555900526	22.49947747524221
394000	-9271.26280508262	-9294.052374917033	22.789569834412422	-9294.052374917033	0.09256788161838088	0.4368910357438758	0.18125722017871135	0.6891666696829122	0.055978184398916005	0.06074317493955764	0.0734478945987219	0.38921887857609094	0.17617195204432468	0.22672808455281304	0.20788108482677145	0.0	0.20127510484038214	0.07054160974970831	22.481038864605342
395000	-9271.187441175833	-9294.045024491	22.857583315168412	-9294.045024491	0.08869841902338133	0.4240746952361444	0.18125722017871135	0.6891666696829122	0.055978184398916005	0.06074317493955764	0.0734478945987219	0.38921887857609094	0.17617195204432468	0.22672808455281304	0.20788108482677145	0.0	0.20127510484038214	0.06634379049581134	22.487699769729453
396000	-9272.728824725516	-9295.401926206527	22.673101481010775	-9295.401926206527	0.08778087195715367	0.41982923583832554	0.18125722017871135	0.6891666696829122	0.055978184398916005	0.06074317493955764	0.0734478945987219	0.38921887857609094	0.17617195204432468	0.22672808455281304	0.20788108482677145	0.0	0.20127510484038214	0.05378804623622684	22.093419019837114
397000	-9274.03508297577	-9295.405053142116	21.369970166346754	-9295.405053142116	0.09724005110028877	0.4672590833001238	0.18125722017871135	0.6891666696829122	0.055978184398916005	0.06074317493955764	0.0734478945987219	0.38921887857609094	0.17617195204432468	0.22672808455281304	0.20788108482677145	0.0	0.20127510484038214	0.07777879122800227	21.159105239307294
398000	-9271.849315807056	-9294.599401782862	22.75008597580635	-9294.599401782862	0.0828544065256874	0.4098768172666166	0.18125722017871135	0.6891666696829122	0.055978184398916005	0.06074317493955764	0.0734478945987219	0.38921887857609094	0.161943570758483	0.22672808455281304	0.22210946611261312	0.0	0.20127510484038214	0.06384492797614708	22.395834694278182
399000	-9276.974330789997	-9297.242102645523	20.267771855526387	-9297.242102645523	0.09019222507376778	0.4249067159854288	0.18125722017871135	0.6891666696829122	0.055978184398916005	0.06074317493955764	0.0734478945987219	0.38921887857609094	0.161943570758483	0.22672808455281304	0.22210946611261312	0.0	0.20127510484038214	0.12854876105865165	20.613371727075705
400000	-9271.667113584565	-9294.510170333202	22.843056748637817	-9294.510170333202	0.08788302814237181	0.4228325486130987	0.18125722017871135	0.6891666696829122	0.055978184398916005	0.06074317493955764	0.0734478945987219	0.38921887857609094	0.161943570758483	0.22672808455281304	0.22210946611261312	0.0	0.20127510484038214	0.08120582286894965	22.72933527914379
401000	-9272.880681800123	-9295.703907849163	22.823226049040525	-9295.703907849163	0.08764943670969995	0.42642430098394335	0.18125722017871135	0.6891666696829122	0.055978184398916005	0.06074317493955764	0.0734478945987219	0.38921887857609094	0.161943570758483	0.22672808455281304	0.22210946611261312	0.0	0.24164199822037005	0.06511668087690892	22.529065269181537
402000	-9273.2558471566	-9292.580789803435	19.32494264683432	-9292.580789803435	0.09404915032448385	0.4429640816042056	0.18125722017871135	0.6891666696829122	0.055978184398916005	0.06074317493955764	0.0734478945987219	0.38921887857609094	0.161943570758483	0.22672808455281304	0.22210946611261312	0.0	0.24164199822037005	0.04059582715210146	18.558266397735586
403000	-9276.403856457033	-9298.031532976345	21.627676519312452	-9298.031532976345	0.09623314223425389	0.4451158762774545	0.18125722017871135	0.6891666696829122	0.055978184398916005	0.06074317493955764	0.0734478945987219	0.38921887857609094	0.161943570758483	0.22672808455281304	0.22210946611261312	0.0	0.24164199822037005	0.09820199996770662	21.74436156981605
404000	-9271.720287533764	-9293.318096441668	21.59780890790415	-9293.318096441668	0.09493126886912019	0.4487116317338754	0.18125722017871135	0.6891666696829122	0.055978184398916005	0.06074317493955764	0.0734478945987219	0.38921887857609094	0.161943570758483	0.22672808455281304	0.22210946611261312	0.0	0.24164199822037005	0.05564747945050157	21.14650416078754
405000	-9273.66582838793	-9295.033036552735	21.367208164806375	-9295.033036552735	0.08891692431156546	0.43666959262767163	0.18125722017871135	0.6891666696829122	0.055978184398916005	0.06074317493955764	0.0734478945987219	0.38921887857609094	0.161943570758483	0.22672808455281304	0.22210946611261312	0.0	0.24164199822037005	0.09435172396469554	21.4438961775505
406000	-9268.432544518682	-9290.627759027086	22.195214508403748	-9290.627759027086	0.08708150141033652	0.4312668749813747	0.18125722017871135	0.6891666696829122	0.055978184398916005	0.06074317493955764	0.0734478945987219	0.38921887857609094	0.17285847116707587	0.22672808455281304	0.21119456570402026	0.0	0.24164199822037005	0.07165153397139706	21.952183446653486
407000	-9276.85497228264	-9299.317268535531	22.46229625289163	-9299.317268535531	0.07949339926833493	0.406023625932044	0.18125722017871135	0.6891666696829122	0.055978184398916005	0.06074317493955764	0.0734478945987219	0.38921887857609094	0.17285847116707587	0.22672808455281304	0.21119456570402026	0.0	0.24164199822037005	0.07585211090224106	22.276236163229747
408000	-9269.21508261173	-9292.313740650769	23.098658039037886	-9292.313740650769	0.08706076214547454	0.4164005825596555	0.18125722017871135	0.6891666696829122	0.055978184398916005	0.06074317493955764	0.0734478945987219	0.38921887857609094	0.17285847116707587	0.22672808455281304	0.21119456570402026	0.0	0.24164199822037005	0.07738067002925704	22.932549422192753
409000	-9273.953342125604	-9295.625406691566	21.6720645659622	-9295.625406691566	0.09124690668346011	0.4520481717928989	0.18125722017871135	0.6891666696829122	0.06269171842314152	0.06074317493955764	0.0734478945987219	0.38921887857609094	0.17285847116707587	0.22672808455281304	0.21119456570402026	0.0	0.24164199822037005	0.08003102621982647	21.647908622102896
410000	-9271.581939261212	-9292.945006712796	21.363067451585085	-9292.945006712796	0.09969786212607232	0.4635789704159823	0.18125722017871135	0.6891666696829122	0.06269171842314152	0.06074317493955764	0.0734478945987219	0.38921887857609094	0.17285847116707587	0.22672808455281304	0.21119456570402026	0.0	0.24164199822037005	0.08695089111513199	21.421840609830248
411000	-9272.32831177636	-9294.92289417726	22.59458240089879	-9294.92289417726	0.09304646064053392	0.436644498042454	0.18125722017871135	0.6891666696829122	0.06269171842314152	0.06074317493955764	0.0734478945987219	0.38921887857609094	0.17285847116707587	0.22672808455281304	0.21119456570402026	0.0	0.24164199822037005	0.0708108885117693	22.448024851217443
412000	-9272.226479042281	-9293.42324187169	21.196762829408282	-9293.42324187169	0.09136987543423172	0.45474698182699186	0.18125722017871135	0.6891666696829122	0.06269171842314152	0.06074317493955764	0.0734478945987219	0.38921887857609094	0.17285847116707587	0.22672808455281304	0.21119456570402026	0.0	0.24164199822037005	0.06643367137903136	20.986396525345903
413000	-9269.900833162968	-9292.572772372074	22.671939209104806	-9292.572772372074	0.08511111414419775	0.4147681820507282	0.18125722017871135	0.6891666696829122	0.06269171842314152	0.06074317493955764	0.05348804952519735	0.38921887857609094	0.17285847116707587	0.22672808455281304	0.21119456570402026	0.0	0.24164199822037005	0.05202769374357731	21.913886959215088
414000	-9274.977812547573	-9297.60708184549	22.629269297916924	-9297.60708184549	0.09312137750635843	0.4410027562490451	0.18125722017871135	0.6891666696829122	0.06269171842314152	0.06074317493955764	0.05348804952519735	0.38921887857609094	0.17285847116707587	0.22672808455281304	0.21119456570402026	0.0	0.24164199822037005	0.08023734642327539	22.30442997182931
415000	-9274.110290961762	-9296.224404372397	22.114113410633962	-9296.224404372397	0.09257524024022581	0.4499400555945084	0.13870375292623827	0.6891666696829122	0.06269171842314152	0.06074317493955764	0.05348804952519735	0.38921887857609094	0.17285847116707587	0.22672808455281304	0.21119456570402026	0.0	0.24164199822037005	0.06291919807845499	21.28768309181463
416000	-9274.247547278894	-9296.17969868922	21.932151410327055	-9296.17969868922	0.09204431440242142	0.44365441876491557	0.13870375292623827	0.6891666696829122	0.09770762266086722	0.06074317493955764	0.05348804952519735	0.38921887857609094	0.17285847116707587	0.22672808455281304	0.21119456570402026	0.0	0.24164199822037005	0.09114247683147798	21.901358020217618
417000	-9272.251811265165	-9294.194781132559	21.94296986739389	-9294.194781132559	0.0923443230205825	0.44688213495056905	0.13870375292623827	0.6891666696829122	0.09770762266086722	0.06074317493955764	0.05348804952519735	0.38921887857609094	0.17285847116707587	0.22672808455281304	0.21119456570402026	0.0	0.24164199822037005	0.06957924547690816	21.642218841398964
418000	-9276.761498597585	-9297.647001449195	20.885502851610745	-9297.647001449195	0.09292795006572484	0.44167053375032117	0.1798560246588346	0.6891666696829122	0.09770762266086722	0.06074317493955764	0.05348804952519735	0.38921887857609094	0.17285847116707587	0.22672808455281304	0.21119456570402026	0.0	0.24164199822037005	0.11295449452801644	21.320211230253165
419000	-9274.361792617463	-9297.456648842946	23.094856225482943	-9297.456648842946	0.07995109670343892	0.3959770998615046	0.1798560246588346	0.6891666696829122	0.09770762266086722	0.06074317493955764	0.05348804952519735	0.38921887857609094	0.17285847116707587	0.22672808455281304	0.21119456570402026	0.0	0.24164199822037005	0.07520953161761992	23.122857542969626
420000	-9273.76387473088	-9295.053092166045	21.289217435164577	-9295.053092166045	0.08871712086860345	0.4195398157161184	0.1798560246588346	0.6891666696829122	0.09770762266086722	0.06074317493955764	0.05348804952519735	0.38921887857609094	0.17285847116707587	0.22672808455281304	0.21119456570402026	0.0	0.24164199822037005	0.1135682642456424	21.729344882716106
421000	-9279.851515800214	-9300.083680466932	20.232164666718063	-9300.083680466932	0.104377019615259	0.47799390012495074	0.1798560246588346	0.6891666696829122	0.09770762266086722	0.06074317493955764	0.05348804952519735	0.38921887857609094	0.17285847116707587	0.22672808455281304	0.21119456570402026	0.0	0.24164199822037005	0.11141717655826763	20.65316951478945
422000	-9271.805941544046	-9293.482263572128	21.67632202808191	-9293.482263572128	0.091262918102663	0.44736892338843615	0.1798560246588346	0.6891666696829122	0.09770762266086722	0.06074317493955764	0.05348804952519735	0.38921887857609094	0.17285847116707587	0.22672808455281304	0.21119456570402026	0.0	0.24164199822037005	0.07639649903969484	21.71998224344538
423000	-9270.503938438038	-9293.006706611466	22.502768173428713	-9293.006706611466	0.08546668538255517	0.4159844407552474	0.1798560246588346	0.6891666696829122	0.09770762266086722	0.06074317493955764	0.05348804952519735	0.38921887857609094	0.17285847116707587	0.22672808455281304	0.21119456570402026	0.0	0.24164199822037005	0.07119489230483214	22.475912596310433
424000	-9277.101922221844	-9297.98918312602	20.887260904174624	-9297.98918312602	0.09374777428124803	0.45267384833629215	0.1798560246588346	0.8801046202752543	0.09770762266086722	0.06074317493955764	0.05348804952519735	0.38921887857609094	0.17285847116707587	0.22672808455281304	0.21119456570402026	0.0	0.24164199822037005	0.09445263276412326	21.38495937653034
425000	-9275.929024222462	-9296.893424890899	20.96440066843706	-9296.893424890899	0.09150009313958954	0.44877055169644153	0.1798560246588346	0.8801046202752543	0.09770762266086722	0.06074317493955764	0.05348804952519735	0.38921887857609094	0.17285847116707587	0.22672808455281304	0.21119456570402026	0.0	0.24164199822037005	0.09619994679017228	21.480429477102224
426000	-9272.694548324236	-9293.940711954288	21.24616363005283	-9293.940711954288	0.09101337201194894	0.4468237974815864	0.1798560246588346	0.8801046202752543	0.09770762266086722	0.06074317493955764	0.05348804952519735	0.38921887857609094	0.17285847116707587	0.22672808455281304	0.21119456570402026	0.0	0.24164199822037005	0.08940187128378067	21.688905247709513
427000	-9280.167699554231	-9300.911551204905	20.743851650672752	-9300.911551204905	0.08415260670933644	0.4254151564937527	0.1798560246588346	0.8801046202752543	0.09770762266086722	0.06074317493955764	0.05348804952519735	0.38921887857609094	0.17285847116707587	0.22672808455281304	0.21119456570402026	0.0	0.24164199822037005	0.10731634742324293	21.36923264531524
428000	-9275.219846889146	-9296.678489485665	21.458642596518658	-9296.678489485665	0.08652604915417704	0.4193719698946706	0.1798560246588346	0.8801046202752543	0.09770762266086722	0.06074317493955764	0.10715422420675559	0.38921887857609094	0.17285847116707587	0.22672808455281304	0.21119456570402026	0.0	0.24164199822037005	0.05354110601483754	22.054129258117186
429000	-9276.560333999583	-9297.950375053268	21.390041053684623	-9297.950375053268	0.08825725617836211	0.4277233564280666	0.1798560246588346	0.8801046202752543	0.09770762266086722	0.06074317493955764	0.10715422420675559	0.38921887857609094	0.17285847116707587	0.22672808455281304	0.21119456570402026	0.0	0.24164199822037005	0.08166056655401115	22.407649243504594
430000	-9276.872437111435	-9298.586835718319	21.71439860688484	-9298.586835718319	0.09017216737411196	0.42662585004256703	0.1798560246588346	0.8801046202752543	0.09770762266086722	0.06074317493955764	0.10715422420675559	0.38921887857609094	0.17285847116707587	0.22672808455281304	0.21119456570402026	0.0	0.24164199822037005	0.0827405382880085	22.745145239664367
431000	-9277.906162017704	-9299.946256295516	22.040094277812656	-9299.946256295516	0.08766696942826435	0.41070073173958943	0.1798560246588346	0.8801046202752543	0.09770762266086722	0.06074317493955764	0.10715422420675559	0.38921887857609094	0.17285847116707587	0.22672808455281304	0.21119456570402026	0.0	0.24164199822037005	0.06801160940323707	22.87480966092503
432000	-9277.896353701482	-9299.451244052774	21.554890351291917	-9299.451244052774	0.07706000825858926	0.3856264953950981	0.1798560246588346	0.8801046202752543	0.09770762266086722	0.09026252165107831	0.10715422420675559	0.38921887857609094	0.17285847116707587	0.22672808455281304	0.21119456570402026	0.0	0.24164199822037005	0.09177582466443066	23.068492389304893
433000	-9281.129530294353	-9299.388441623692	18.25891132933931	-9299.388441623692	0.09071407779219832	0.44486670140535267	0.1798560246588346	0.8801046202752543	0.09770762266086722	0.09026252165107831	0.10748621658612874	0.38921887857609094	0.17285847116707587	0.22672808455281304	0.21119456570402026	0.0	0.24164199822037005	0.13619523735932015	20.170225879883382
434000	-9277.87779163993	-9299.535469744735	21.657678104803978	-9299.535469744735	0.09083721440635871	0.42232037764637476	0.1798560246588346	0.8801046202752543	0.09770762266086722	0.09026252165107831	0.10748621658612874	0.38921887857609094	0.17285847116707587	0.22672808455281304	0.21119456570402026	0.0	0.24164199822037005	0.07448810579966572	22.96554268918102
435000	-9285.629885415292	-9306.371458240794	20.74157282550117	-9306.371458240794	0.08696059451308609	0.4278917680132469	0.1798560246588346	0.8801046202752543	0.09770762266086722	0.09026252165107831	0.10748621658612874	0.38921887857609094	0.17285847116707587	0.22672808455281304	0.21119456570402026	0.0	0.24164199822037005	0.059746545325562665	21.82890932125548
436000	-9278.453292535118	-9298.9387414743	20.485448939182195	-9298.9387414743	0.08044775786358073	0.4041427123479853	0.1798560246588346	0.8801046202752543	0.09770762266086722	0.09026252165107831	0.10748621658612874	0.38921887857609094	0.17285847116707587	0.22672808455281304	0.21119456570402026	0.0	0.24164199822037005	0.09667458313909454	22.054024590117088
437000	-9276.439261493208	-9298.201324829084	21.762063335877187	-9298.201324829084	0.08559667916857704	0.4137805386369797	0.1798560246588346	0.8801046202752543	0.09770762266086722	0.09026252165107831	0.10748621658612874	0.38921887857609094	0.17285847116707587	0.22672808455281304	0.21119456570402026	0.0	0.24164199822037005	0.06526608782313698	22.937761033799617
438000	-9276.901110563782	-9297.954871551574	21.05376098779229	-9297.954871551574	0.09009132433909278	0.44854386719607403	0.1798560246588346	0.8801046202752543	0.06721040777709335	0.09026252165107831	0.0702414430791387	0.38921887857609094	0.17285847116707587	0.22672808455281304	0.21119456570402026	0.0	0.24164199822037005	0.06018822916954056	21.382091907028347
439000	-9276.828424635452	-9298.110758534345	21.282333898892706	-9298.110758534345	0.09152621993312307	0.4401404125003394	0.1798560246588346	0.8801046202752543	0.09700488878252925	0.09026252165107831	0.0702414430791387	0.38921887857609094	0.17285847116707587	0.22672808455281304	0.21119456570402026	0.0	0.24164199822037005	0.06333790144457244	22.013237971428474
440000	-9275.226497761192	-9294.170160927533	18.943663166340926	-9294.170160927533	0.09431440578298649	0.46112743174497817	0.1798560246588346	0.8801046202752543	0.09700488878252925	0.09026252165107831	0.0702414430791387	0.38921887857609094	0.17285847116707587	0.22672808455281304	0.21119456570402026	0.0	0.24164199822037005	0.11797593421583333	20.29656398625536
441000	-9277.545443231584	-9297.366740829393	19.82129759781018	-9297.366740829393	0.0916764722179881	0.4561639123673639	0.1798560246588346	0.8801046202752543	0.09700488878252925	0.09026252165107831	0.0702414430791387	0.38921887857609094	0.17285847116707587	0.22672808455281304	0.21119456570402026	0.0	0.24164199822037005	0.07607787328410504	20.735475225549948
442000	-9274.389730091054	-9295.487549998215	21.097819907161156	-9295.487549998215	0.08840040943685122	0.43276034240326594	0.1798560246588346	0.8801046202752543	0.09700488878252925	0.09026252165107831	0.0702414430791387	0.38921887857609094	0.17285847116707587	0.22672808455281304	0.21119456570402026	0.0	0.24164199822037005	0.08424619286217004	22.11398345036531
443000	-9276.767000222619	-9296.950909035353	20.183908812733854	-9296.950909035353	0.09223952180995702	0.44182584088115107	0.1798560246588346	0.8801046202752543	0.09700488878252925	0.09026252165107831	0.0702414430791387	0.38921887857609094	0.17285847116707587	0.22672808455281304	0.21119456570402026	0.0	0.24164199822037005	0.051690839515742014	20.711609556739187
444000	-9277.295073458823	-9295.028703040118	17.733629581294068	-9295.028703040118	0.08942095885558056	0.44543984492317773	0.1798560246588346	0.8801046202752543	0.09700488878252925	0.09026252165107831	0.0702414430791387	0.38921887857609094	0.17285847116707587	0.22672808455281304	0.21119456570402026	0.0	0.24164199822037005	0.1471008197253232	19.307167945030113
445000	-9274.230141941067	-9294.804450373864	20.57430843279764	-9294.804450373864	0.08404986644904752	0.4129096320945074	0.1798560246588346	0.8801046202752543	0.09700488878252925	0.09026252165107831	0.0702414430791387	0.38921887857609094	0.17285847116707587	0.22672808455281304	0.21119456570402026	0.0	0.24164199822037005	0.10550390193264575	21.81547653374569
446000	-9271.148423004246	-9292.573541589614	21.42511858536775	-9292.573541589614	0.08326442265292232	0.3992178361996615	0.1798560246588346	0.8801046202752543	0.09700488878252925	0.09026252165107831	0.0702414430791387	0.38921887857609094	0.17285847116707587	0.22672808455281304	0.21119456570402026	0.0	0.24164199822037005	0.04482714762336989	21.81035267856898
447000	-9273.102983615028	-9295.012392949198	21.90940933416917	-9295.012392949198	0.08737089622635402	0.4199670857609971	0.1798560246588346	0.8801046202752543	0.09700488878252925	0.09026252165107831	0.0702414430791387	0.38921887857609094	0.17285847116707587	0.22672808455281304	0.21119456570402026	0.0	0.24164199822037005	0.0651799968598766	22.668982122974704
448000	-9276.89582203006	-9296.995669973367	20.099847943307758	-9296.995669973367	0.08833181000519853	0.43164306946173947	0.1798560246588346	0.8801046202752543	0.09700488878252925	0.09026252165107831	0.0702414430791387	0.37974705992091934	0.17285847116707587	0.22672808455281304	0.22066638435919184	0.0	0.24164199822037005	0.11168251349167464	21.34022111866101
449000	-9276.120354938466	-9297.822184442633	21.701829504167367	-9297.822184442633	0.08937647561829085	0.4219753227409125	0.1798560246588346	0.8801046202752543	0.09700488878252925	0.09026252165107831	0.0702414430791387	0.37974705992091934	0.17285847116707587	0.22672808455281304	0.22066638435919184	0.0	0.24164199822037005	0.06761986712662306	22.440444366843128
450000	-9280.179354028432	-9298.332359516897	18.153005488464977	-9298.332359516897	0.09377969231181217	0.449604189640765	0.1798560246588346	0.8801046202752543	0.09700488878252925	0.09026252165107831	0.11344895068562875	0.37974705992091934	0.17285847116707587	0.22672808455281304	0.22066638435919184	0.0	0.24164199822037005	0.12935932009289505	20.000076973507824
451000	-9272.527971804459	-9294.085184060526	21.557212256068624	-9294.085184060526	0.08738097876525841	0.4179166077911245	0.1798560246588346	0.8801046202752543	0.09700488878252925	0.09026252165107831	0.11344895068562875	0.37974705992091934	0.17285847116707587	0.22672808455281304	0.22066638435919184	0.0	0.24164199822037005	0.06810483093355273	22.762737931244548
452000	-9281.142725444382	-9300.797674733714	19.654949289332446	-9300.797674733714	0.08871641106933813	0.43867389403996626	0.1798560246588346	0.8801046202752543	0.09700488878252925	0.09026252165107831	0.11344895068562875	0.37974705992091934	0.17285847116707587	0.22672808455281304	0.22066638435919184	0.0	0.24164199822037005	0.10165536011304856	21.261015084802242
453000	-9279.136437270818	-9301.037471444928	21.90103417411036	-9301.037471444928	0.08658366834517117	0.4172323671185876	0.1798560246588346	0.8801046202752543	0.0716054302255707	0.06260031937320436	0.11344895068562875	0.37974705992091934	0.17285847116707587	0.22672808455281304	0.22066638435919184	0.0	0.24164199822037005	0.05849139070981935	22.313019814060194
454000	-9276.352662928279	-9298.454317902015	22.101654973736466	-9298.454317902015	0.0858263005523067	0.4148112099613226	0.1798560246588346	0.8801046202752543	0.0716054302255707	0.06260031937320436	0.11344895068562875	0.37974705992091934	0.17285847116707587	0.22672808455281304	0.22066638435919184	0.0	0.24164199822037005	0.08480997039482148	22.88517414892922
455000	-9276.242933688145	-9296.854224195515	20.611290507369063	-9296.854224195515	0.08856934420854432	0.434353467981201	0.1798560246588346	0.8801046202752543	0.0716054302255707	0.08571170477558195	0.11344895068562875	0.37974705992091934	0.17285847116707587	0.22672808455281304	0.22066638435919184	0.0	0.24164199822037005	0.05614900067805985	21.28322465757976
456000	-9272.86087288042	-9293.886488132788	21.025615252368745	-9293.886488132788	0.0876185410464603	0.4310313880121887	0.1798560246588346	0.8801046202752543	0.0716054302255707	0.08571170477558195	0.11344895068562875	0.37974705992091934	0.17285847116707587	0.22672808455281304	0.22066638435919184	0.0	0.24164199822037005	0.05971080719470955	21.75905354796901
457000	-9273.5575659615	-9294.072390810685	20.514824849184446	-9294.072390810685	0.09866147434233602	0.47741712188061053	0.1798560246588346	0.8801046202752543	0.0716054302255707	0.08571170477558195	0.06729513847784951	0.37974705992091934	0.17285847116707587	0.22672808455281304	0.22066638435919184	0.0	0.24164199822037005	0.06739487612963	20.868552011362624
458000	-9272.256173436359	-9292.95651301899	20.700339582630193	-9292.95651301899	0.09077311146862942	0.44414413153839816	0.1798560246588346	0.8801046202752543	0.0716054302255707	0.08571170477558195	0.06729513847784951	0.37974705992091934	0.17285847116707587	0.22672808455281304	0.22066638435919184	0.0	0.24164199822037005	0.10004199924289091	21.44908784184036
459000	-9273.759488779448	-9294.763496020088	21.004007240641236	-9294.763496020088	0.09928552750628299	0.45779474458323	0.1798560246588346	0.8801046202752543	0.0716054302255707	0.08571170477558195	0.06729513847784951	0.37974705992091934	0.17285847116707587	0.22672808455281304	0.22066638435919184	0.0	0.24164199822037005	0.08659910419568674	21.608454880960764
460000	-9276.463177171254	-9298.295948686105	21.832771514851057	-9298.295948686105	0.09260140818332893	0.44021967287296515	0.1798560246588346	0.8801046202752543	0.0716054302255707	0.08571170477558195	0.06729513847784951	0.37974705992091934	0.17285847116707587	0.22672808455281304	0.22066638435919184	0.0	0.1903734683041581	0.07743614886918303	22.274114865120282
461000	-9273.308333900903	-9294.672837452172	21.364503551268523	-9294.672837452172	0.09184342407682006	0.44145890340040406	0.1798560246588346	0.8801046202752543	0.0716054302255707	0.08571170477558195	0.06729513847784951	0.37974705992091934	0.17285847116707587	0.22672808455281304	0.22066638435919184	0.0	0.1903734683041581	0.07430794376320624	21.764611051039765
462000	-9280.719249201054	-9302.113310418268	21.39406121721375	-9302.113310418268	0.08929678416293305	0.42705333373722554	0.1798560246588346	0.8801046202752543	0.0716054302255707	0.08571170477558195	0.06729513847784951	0.37974705992091934	0.17285847116707587	0.22672808455281304	0.22066638435919184	0.0	0.1903734683041581	0.09815302526185479	22.072478599351403
463000	-9275.551798903962	-9297.448483575843	21.896684671880394	-9297.448483575843	0.09453625014052985	0.4440191764877271	0.1798560246588346	0.8801046202752543	0.0716054302255707	0.08571170477558195	0.06729513847784951	0.37974705992091934	0.17285847116707587	0.22672808455281304	0.22066638435919184	0.0	0.1903734683041581	0.07957118008491278	22.365226278985787
464000	-9271.637945869827	-9293.62861113974	21.990665269913578	-9293.62861113974	0.08696635483257273	0.42255276348567516	0.1798560246588346	0.8801046202752543	0.0716054302255707	0.08571170477558195	0.06729513847784951	0.37974705992091934	0.17285847116707587	0.22672808455281304	0.22066638435919184	0.0	0.1903734683041581	0.056064279507265426	22.109053789767614
465000	-9271.616827514028	-9292.251517474871	20.63468996084415	-9292.251517474871	0.09506103324737192	0.45847986456899664	0.1798560246588346	0.8801046202752543	0.0716054302255707	0.08571170477558195	0.06729513847784951	0.37974705992091934	0.17285847116707587	0.22672808455281304	0.22066638435919184	0.0	0.1903734683041581	0.09278953243534069	21.25691343629036
466000	-9277.67006491138	-9299.720763639685	22.050698728305036	-9299.720763639685	0.0881882108649017	0.43406090292376975	0.1798560246588346	0.671615046625521	0.0716054302255707	0.08571170477558195	0.06729513847784951	0.37974705992091934	0.17285847116707587	0.22672808455281304	0.22066638435919184	0.0	0.1903734683041581	0.07584212776625093	22.203980117131337
467000	-9273.74722777158	-9296.725179565552	22.9779517939714	-9296.725179565552	0.08844889141306612	0.41394327399689634	0.1798560246588346	0.671615046625521	0.0716054302255707	0.08571170477558195	0.06729513847784951	0.37974705992091934	0.17285847116707587	0.22672808455281304	0.22066638435919184	0.0	0.1903734683041581	0.062116784459906545	22.931595502832877
468000	-9280.541323674499	-9300.551269612886	20.009945938386913	-9300.551269612886	0.09986826675955836	0.4689170269264553	0.1798560246588346	0.671615046625521	0.0716054302255707	0.08571170477558195	0.06729513847784951	0.37974705992091934	0.17285847116707587	0.22672808455281304	0.22066638435919184	0.0	0.1903734683041581	0.11085998978598825	20.54284146552774
469000	-9271.373117519941	-9293.545291341552	22.172173821611445	-9293.545291341552	0.0950380812376719	0.44460121697326843	0.15247334223915815	0.671615046625521	0.0716054302255707	0.08571170477558195	0.06729513847784951	0.37974705992091934	0.17285847116707587	0.23738561933255867	0.2100088495794462	0.0	0.1903734683041581	0.06175039818398775	21.970958444970343
470000	-9274.103306128865	-9295.656224840635	21.552918711769788	-9295.656224840635	0.09710882665278397	0.443491180598332	0.15247334223915815	0.671615046625521	0.0716054302255707	0.08571170477558195	0.06729513847784951	0.37974705992091934	0.17285847116707587	0.23738561933255867	0.2100088495794462	0.0	0.1903734683041581	0.04559556335517219	21.048413328261876
471000	-9270.123737048763	-9292.75569674315	22.631959694386264	-9292.75569674315	0.08757233987594201	0.42271699563999854	0.15247334223915815	0.671615046625521	0.0716054302255707	0.08571170477558195	0.06729513847784951	0.37974705992091934	0.17285847116707587	0.23738561933255867	0.2100088495794462	0.0	0.1903734683041581	0.0784452824237413	22.67004523648977
472000	-9272.639534224045	-9295.003054283965	22.36352005991966	-9295.003054283965	0.08753324295994443	0.41075281536534086	0.15247334223915815	0.671615046625521	0.0716054302255707	0.08571170477558195	0.06729513847784951	0.395593173708307	0.17285847116707587	0.22153950554517104	0.2100088495794462	0.0	0.1903734683041581	0.08772656647663403	22.5980411325851
473000	-9269.252689431998	-9290.863502234804	21.610812802806645	-9290.863502234804	0.08788181861132265	0.42696523174641465	0.15247334223915815	0.671615046625521	0.0716054302255707	0.0636127157342342	0.06729513847784951	0.395593173708307	0.17285847116707587	0.22153950554517104	0.2100088495794462	0.0	0.1903734683041581	0.1058175107357699	21.747348001321658
474000	-9273.601940283581	-9294.711715177347	21.109774893766094	-9294.711715177347	0.0915704889119158	0.445428126254367	0.13192407880893522	0.671615046625521	0.0716054302255707	0.0636127157342342	0.06729513847784951	0.395593173708307	0.17285847116707587	0.22153950554517104	0.2100088495794462	0.0	0.24504706268007212	0.11223546278617914	21.22028673720943
475000	-9270.646687741286	-9292.923045021458	22.276357280173034	-9292.923045021458	0.09111035920323207	0.4398787076396622	0.13192407880893522	0.671615046625521	0.0716054302255707	0.0636127157342342	0.06729513847784951	0.395593173708307	0.17285847116707587	0.22153950554517104	0.2100088495794462	0.0	0.24504706268007212	0.057503470278697344	21.71811541150877
476000	-9270.543089871493	-9291.843067641657	21.299977770164706	-9291.843067641657	0.09125348047741688	0.43830082246704677	0.13192407880893522	0.671615046625521	0.0716054302255707	0.0636127157342342	0.06729513847784951	0.395593173708307	0.17285847116707587	0.22153950554517104	0.2100088495794462	0.0	0.24504706268007212	0.10810645659894057	21.373007053726607
477000	-9269.469124424773	-9291.728464138487	22.259339713712606	-9291.728464138487	0.09138109086077445	0.43632697361008843	0.13192407880893522	0.671615046625521	0.0716054302255707	0.0636127157342342	0.06729513847784951	0.395593173708307	0.17285847116707587	0.22153950554517104	0.2100088495794462	0.0	0.24504706268007212	0.07921887835312592	22.02146717985413
478000	-9279.270845952464	-9299.88383064284	20.6129846903762	-9299.88383064284	0.09438384521717953	0.46136857756144384	0.13192407880893522	0.671615046625521	0.0716054302255707	0.0636127157342342	0.06729513847784951	0.38715590516270976	0.17285847116707587	0.22997677409076825	0.2100088495794462	0.0	0.24504706268007212	0.049623568342640804	19.859907861172143
479000	-9269.340074608268	-9292.92516779367	23.5850931854015	-9292.92516779367	0.08445488833834602	0.40630178467115385	0.13192407880893522	0.671615046625521	0.0716054302255707	0.0636127157342342	0.06729513847784951	0.38715590516270976	0.17285847116707587	0.23487622942214498	0.20510939424806948	0.0	0.24504706268007212	0.07451340106564812	23.246106955168827
480000	-9274.396179963122	-9296.77228632952	22.37610636639795	-9296.77228632952	0.09154326086521275	0.43576722484309677	0.13192407880893522	0.671615046625521	0.0716054302255707	0.0636127157342342	0.06729513847784951	0.38715590516270976	0.17285847116707587	0.23487622942214498	0.20510939424806948	0.0	0.24504706268007212	0.09203093691524557	22.248265938220996
481000	-9280.088438426053	-9302.189990564038	22.101552137985365	-9302.189990564038	0.09473485516890004	0.44351495915408734	0.1883706005359567	0.671615046625521	0.0716054302255707	0.0636127157342342	0.06729513847784951	0.38715590516270976	0.17285847116707587	0.23487622942214498	0.20510939424806948	0.0	0.24504706268007212	0.08119456839366106	22.19245539387852
482000	-9270.568331944809	-9292.42490440848	21.856572463671867	-9292.42490440848	0.09245957121753855	0.4424695757044518	0.1883706005359567	0.671615046625521	0.05484040173809679	0.0636127157342342	0.06729513847784951	0.38715590516270976	0.17285847116707587	0.23487622942214498	0.20510939424806948	0.0	0.24504706268007212	0.09469847055312058	21.846242167782396
483000	-9274.194143181472	-9296.124258242775	21.930115061303162	-9296.124258242775	0.09589211047087198	0.4478277372867392	0.1883706005359567	0.671615046625521	0.05484040173809679	0.0636127157342342	0.06729513847784951	0.38715590516270976	0.17285847116707587	0.23487622942214498	0.20510939424806948	0.0	0.24504706268007212	0.08060302331088597	21.75862307466403
484000	-9278.669398238415	-9301.099468877666	22.430070639252218	-9301.099468877666	0.09059654480755752	0.4368165230904238	0.1883706005359567	0.671615046625521	0.05484040173809679	0.0636127157342342	0.06729513847784951	0.38715590516270976	0.17285847116707587	0.23487622942214498	0.20510939424806948	0.0	0.24504706268007212	0.07823391470122125	22.228745739108987
485000	-9279.74820200821	-9302.053289530759	22.305087522549044	-9302.053289530759	0.08462211614548758	0.41783440422949525	0.1883706005359567	0.7365847456044514	0.05484040173809679	0.0636127157342342	0.06729513847784951	0.38715590516270976	0.17285847116707587	0.23487622942214498	0.20510939424806948	0.0	0.24504706268007212	0.08934934550437423	22.327583795714002
486000	-9274.519355442111	-9298.012282469017	23.492927026905193	-9298.012282469017	0.09054612993773056	0.4158707163671709	0.1883706005359567	0.7365847456044514	0.05484040173809679	0.0636127157342342	0.06729513847784951	0.38715590516270976	0.17285847116707587	0.23487622942214498	0.20510939424806948	0.0	0.24504706268007212	0.06810781698064237	23.243961376930034
487000	-9271.981445876972	-9294.546879974921	22.56543409794901	-9294.546879974921	0.08237306306690348	0.40557269660685824	0.1883706005359567	0.7365847456044514	0.08439964259932858	0.0636127157342342	0.06729513847784951	0.38715590516270976	0.17285847116707587	0.23487622942214498	0.20510939424806948	0.0	0.24504706268007212	0.05948588033072335	22.593650545069192
488000	-9277.345567668406	-9297.92432692806	20.57875925965434	-9297.92432692806	0.09985283273552925	0.47356787315688764	0.1883706005359567	0.7365847456044514	0.08439964259932858	0.0636127157342342	0.06729513847784951	0.38715590516270976	0.17285847116707587	0.23487622942214498	0.20510939424806948	0.0	0.24504706268007212	0.08609446933784946	20.976681901788055
489000	-9279.6313318925	-9300.612500133817	20.981168241317118	-9300.612500133817	0.08557538201701333	0.4391309104269765	0.1883706005359567	0.7365847456044514	0.08439964259932858	0.0636127157342342	0.06729513847784951	0.38715590516270976	0.17285847116707587	0.23487622942214498	0.20510939424806948	0.0	0.24504706268007212	0.0920365904272417	21.445831929426916
490000	-9280.002314756537	-9302.127358618345	22.12504386180886	-9302.127358618345	0.09326621551638058	0.4343070905178007	0.1883706005359567	0.7365847456044514	0.08439964259932858	0.0636127157342342	0.06729513847784951	0.38715590516270976	0.17285847116707587	0.23487622942214498	0.20510939424806948	0.0	0.24504706268007212	0.06955513222383519	22.309641037411392
491000	-9276.708805013452	-9298.55751848466	21.848713471208075	-9298.55751848466	0.08191274457386682	0.4227659922782393	0.13252387239916466	0.7365847456044514	0.08439964259932858	0.0636127157342342	0.06729513847784951	0.38715590516270976	0.17285847116707587	0.23487622942214498	0.20510939424806948	0.0	0.24504706268007212	0.0664303520924949	21.647694249930176
492000	-9276.748243541131	-9298.459251252087	21.71100771095588	-9298.459251252087	0.08264099991037135	0.42797923236507857	0.13252387239916466	0.7365847456044514	0.08439964259932858	0.0636127157342342	0.06729513847784951	0.38715590516270976	0.17285847116707587	0.23487622942214498	0.20510939424806948	0.0	0.24504706268007212	0.07014808143577267	21.56444288453178
493000	-9272.082843187061	-9294.377601726643	22.29475853958109	-9294.377601726643	0.08898559027628668	0.43714812229504435	0.13252387239916466	0.7365847456044514	0.08439964259932858	0.0636127157342342	0.06729513847784951	0.38715590516270976	0.17285847116707587	0.23487622942214498	0.20510939424806948	0.0	0.24504706268007212	0.06711664260408787	22.10401729654755
494000	-9269.949310434024	-9292.19822099204	22.248910558016554	-9292.19822099204	0.08554783413050063	0.4209639425343019	0.13252387239916466	0.7365847456044514	0.08439964259932858	0.0636127157342342	0.06729513847784951	0.38715590516270976	0.17285847116707587	0.23487622942214498	0.20510939424806948	0.0	0.24504706268007212	0.08522486772772275	22.297030540859062
495000	-9281.915204194465	-9303.083091256289	21.167887061823144	-9303.083091256289	0.09312091268534382	0.4534615340606212	0.18664738004162237	0.7365847456044514	0.08439964259932858	0.0636127157342342	0.06729513847784951	0.38715590516270976	0.17285847116707587	0.23487622942214498	0.20510939424806948	0.0	0.24504706268007212	0.07822436383422342	21.461042738208725
496000	-9269.94813946029	-9291.80843993453	21.860300474240145	-9291.80843993453	0.08615426500975554	0.4312300542570624	0.18664738004162237	0.7365847456044514	0.08439964259932858	0.0636127157342342	0.06729513847784951	0.38715590516270976	0.17285847116707587	0.23487622942214498	0.20510939424806948	0.0	0.24504706268007212	0.07239242415964244	22.075976648853864
497000	-9276.2733728441	-9298.580545965584	22.307173121484652	-9298.580545965584	0.08122834868247596	0.4118856081600477	0.1268572675036612	0.7365847456044514	0.08439964259932858	0.0636127157342342	0.06729513847784951	0.38715590516270976	0.17285847116707587	0.23487622942214498	0.20510939424806948	0.0	0.24504706268007212	0.08581600744589384	22.320123523260964
498000	-9275.431236949458	-9296.299084905386	20.86784795592767	-9296.299084905386	0.09118872975039363	0.46792509902292884	0.1268572675036612	0.7365847456044514	0.08439964259932858	0.0636127157342342	0.06729513847784951	0.38715590516270976	0.17285847116707587	0.23487622942214498	0.20510939424806948	0.0	0.24504706268007212	0.07819984130706935	20.7878604198709
499000	-9281.458470957652	-9301.670445862332	20.211974904680154	-9301.670445862332	0.09316928455260745	0.4360546028500379	0.1268572675036612	0.7365847456044514	0.08439964259932858	0.0636127157342342	0.06729513847784951	0.38715590516270976	0.17285847116707587	0.23487622942214498	0.20510939424806948	0.0	0.24504706268007212	0.12551148721913236	20.60511703640517
500000	-9277.378515016471	-9297.613510918365	20.23499590189296	-9297.613510918365	0.1001047123210443	0.49458584346964807	0.1268572675036612	0.7365847456044514	0.08439964259932858	0.0636127157342342	0.06729513847784951	0.38715590516270976	0.17285847116707587	0.23487622942214498	0.20510939424806948	0.0	0.24504706268007212	0.09779570023970775	20.378621358853476
501000	-9273.052971094592	-9295.378298473828	22.32532737923649	-9295.378298473828	0.09110816017701778	0.44128550036869174	0.1268572675036612	0.7365847456044514	0.08439964259932858	0.0636127157342342	0.06729513847784951	0.38715590516270976	0.17285847116707587	0.23487622942214498	0.20510939424806948	0.0	0.24504706268007212	0.06600205502352402	22.075758103213627
502000	-9273.345959258217	-9295.766224119854	22.420264861636795	-9295.766224119854	0.09197829808420116	0.4357359756558171	0.1268572675036612	0.7365847456044514	0.08439964259932858	0.0636127157342342	0.06729513847784951	0.38715590516270976	0.17285847116707587	0.23487622942214498	0.20510939424806948	0.0	0.24504706268007212	0.07526333127031654	22.30200275502866
503000	-9272.001794054773	-9294.063670156464	22.061876101690547	-9294.063670156464	0.09107522443875389	0.43674670819056705	0.1268572675036612	0.7365847456044514	0.08439964259932858	0.04717186891483409	0.06729513847784951	0.38715590516270976	0.17285847116707587	0.23487622942214498	0.20510939424806948	0.0	0.24504706268007212	0.053735413846022755	21.320984239951706
504000	-9277.80969227619	-9300.353512203517	22.54381992732625	-9300.353512203517	0.08570286840756505	0.42430759775789995	0.1268572675036612	0.7365847456044514	0.08439964259932858	0.04717186891483409	0.08331368626744846	0.38715590516270976	0.17285847116707587	0.23487622942214498	0.20510939424806948	0.0	0.24504706268007212	0.06553123554670036	22.205833165231414
505000	-9282.17700699392	-9304.708692269285	22.53168527536563	-9304.708692269285	0.08085551349995686	0.406874906213963	0.1268572675036612	0.7365847456044514	0.08439964259932858	0.04717186891483409	0.08331368626744846	0.38715590516270976	0.17285847116707587	0.23487622942214498	0.20510939424806948	0.0	0.24504706268007212	0.07377232871713899	22.312155317387436
506000	-9272.428687659802	-9294.478062603153	22.04937494335194	-9294.478062603153	0.0843506966520134	0.4138329339017394	0.1268572675036612	0.7365847456044514	0.08439964259932858	0.04717186891483409	0.08331368626744846	0.38715590516270976	0.17285847116707587	0.23487622942214498	0.20510939424806948	0.0	0.24504706268007212	0.04948466342840946	21.430524065549164
507000	-9276.475190469844	-9298.118573298801	21.643382828956508	-9298.118573298801	0.08482896739855789	0.41924178119293387	0.17058066383210915	0.7365847456044514	0.08439964259932858	0.04717186891483409	0.08331368626744846	0.38715590516270976	0.17285847116707587	0.23487622942214498	0.20510939424806948	0.0	0.24504706268007212	0.048665265492011146	21.293545464804946
508000	-9274.79184377602	-9296.237569298342	21.445725522322352	-9296.237569298342	0.0936084285813504	0.43861331448515894	0.17058066383210915	0.7365847456044514	0.08439964259932858	0.04717186891483409	0.08331368626744846	0.38715590516270976	0.17285847116707587	0.21985173260723379	0.22013389106298067	0.0	0.24504706268007212	0.046636373383116006	21.039541876004286
509000	-9277.54061908872	-9299.103949373703	21.563330284981667	-9299.103949373703	0.08619219441037879	0.4333871140713493	0.17058066383210915	0.7365847456044514	0.08439964259932858	0.04717186891483409	0.08331368626744846	0.38715590516270976	0.17285847116707587	0.21985173260723379	0.22013389106298067	0.0	0.24504706268007212	0.06294251981218497	21.456987783278933
510000	-9271.30826690671	-9294.673184172689	23.364917265979305	-9294.673184172689	0.08299596430421038	0.40662821079072753	0.17058066383210915	0.7365847456044514	0.06201092635316296	0.04717186891483409	0.08331368626744846	0.38715590516270976	0.17285847116707587	0.21985173260723379	0.22013389106298067	0.0	0.24504706268007212	0.06658967895442051	23.019823623883653
511000	-9277.699795313367	-9300.413351973857	22.71355666048982	-9300.413351973857	0.09265288487907074	0.4465538280586808	0.17058066383210915	0.7365847456044514	0.06201092635316296	0.04717186891483409	0.08331368626744846	0.38715590516270976	0.17285847116707587	0.21985173260723379	0.22013389106298067	0.0	0.24504706268007212	0.06667414080807095	22.36973060722826
512000	-9269.109206932995	-9292.118725447755	23.00951851476096	-9292.118725447755	0.08698510300260989	0.41971945110622266	0.17058066383210915	0.7365847456044514	0.06201092635316296	0.04717186891483409	0.08331368626744846	0.38715590516270976	0.17285847116707587	0.21985173260723379	0.22013389106298067	0.0	0.24504706268007212	0.08117781272201824	22.86251724527297
513000	-9274.59484296414	-9297.617807799696	23.022964835555502	-9297.617807799696	0.0880636365956283	0.42495299914295226	0.17058066383210915	0.7635441553280315	0.06201092635316296	0.04717186891483409	0.08331368626744846	0.38715590516270976	0.17285847116707587	0.21985173260723379	0.22013389106298067	0.0	0.24504706268007212	0.07108003767259675	22.778625430462828
514000	-9278.576001547113	-9299.485134227794	20.90913268068101	-9299.485134227794	0.10458442657023452	0.4791241647524392	0.17058066383210915	0.7635441553280315	0.06201092635316296	0.04717186891483409	0.08331368626744846	0.38715590516270976	0.17285847116707587	0.21985173260723379	0.22013389106298067	0.0	0.24504706268007212	0.1011543322741983	21.01763413519057
515000	-9275.016326004792	-9297.902298126288	22.885972121496547	-9297.902298126288	0.08664227735752403	0.41907762552078676	0.17058066383210915	0.7635441553280315	0.057531218454345	0.04717186891483409	0.08331368626744846	0.38715590516270976	0.17285847116707587	0.21985173260723379	0.22013389106298067	0.0	0.24504706268007212	0.06583991655647085	22.493370773960446
516000	-9272.241206997409	-9294.85866355564	22.61745655823191	-9294.85866355564	0.0876665832737711	0.42044565439958836	0.17058066383210915	0.7635441553280315	0.057531218454345	0.04717186891483409	0.08331368626744846	0.38715590516270976	0.17285847116707587	0.21985173260723379	0.22013389106298067	0.0	0.24504706268007212	0.09350187897698287	22.575610453799335
517000	-9277.495957410702	-9298.720896680225	21.224939269522803	-9298.720896680225	0.09196947413856285	0.4449347195469035	0.17058066383210915	0.7635441553280315	0.057531218454345	0.05745952595856821	0.08331368626744846	0.38715590516270976	0.17285847116707587	0.21985173260723379	0.22013389106298067	0.0	0.24504706268007212	0.06472422757917198	21.003694922291217
518000	-9271.812286623812	-9293.339055638082	21.52676901426921	-9293.339055638082	0.08959393836589002	0.44160785507247846	0.17058066383210915	0.7635441553280315	0.057531218454345	0.05745952595856821	0.08331368626744846	0.38715590516270976	0.17285847116707587	0.21985173260723379	0.22013389106298067	0.0	0.24504706268007212	0.09686973537392073	21.708756217027627
519000	-9271.45028141602	-9292.783798578708	21.33351716268735	-9292.783798578708	0.09236192757948136	0.44085319984737437	0.17058066383210915	0.7635441553280315	0.057531218454345	0.05745952595856821	0.08331368626744846	0.38715590516270976	0.17285847116707587	0.21985173260723379	0.22013389106298067	0.0	0.24504706268007212	0.10095256470779403	21.55678797393594
520000	-9279.672764630948	-9302.530058511029	22.857293880081475	-9302.530058511029	0.08786183059854864	0.41151822941901756	0.17058066383210915	0.7635441553280315	0.057531218454345	0.05745952595856821	0.08331368626744846	0.38715590516270976	0.17285847116707587	0.21985173260723379	0.22013389106298067	0.0	0.24504706268007212	0.09157684639577741	22.983092412294038
521000	-9282.162621943715	-9300.073612556014	17.910990612300022	-9300.073612556014	0.08882093548481648	0.4421373774474583	0.17058066383210915	0.7635441553280315	0.057531218454345	0.05745952595856821	0.11269685969219695	0.38715590516270976	0.17285847116707587	0.21985173260723379	0.22013389106298067	0.0	0.24504706268007212	0.15802511359925783	18.87228724171168
522000	-9277.775309712431	-9298.625198632179	20.849888919747734	-9298.625198632179	0.09332820114546461	0.4381829735178923	0.17058066383210915	0.7635441553280315	0.057531218454345	0.05745952595856821	0.11269685969219695	0.38715590516270976	0.17285847116707587	0.21985173260723379	0.22013389106298067	0.0	0.24504706268007212	0.10782914391272579	21.428979555563892
523000	-9276.172843309303	-9298.950648783604	22.777805474301932	-9298.950648783604	0.08271756344331521	0.3973039928511407	0.17058066383210915	0.7635441553280315	0.057531218454345	0.05745952595856821	0.11269685969219695	0.38715590516270976	0.17285847116707587	0.21985173260723379	0.22013389106298067	0.0	0.24504706268007212	0.0828546582222393	23.093436103549145
524000	-9275.745174219403	-9296.521335362668	20.776161143265867	-9296.521335362668	0.09551468340189362	0.46851405095752746	0.11949532859769124	0.7635441553280315	0.057531218454345	0.05745952595856821	0.06140598969658233	0.38715590516270976	0.17285847116707587	0.21985173260723379	0.22013389106298067	0.0	0.2398758865061719	0.11524316659889378	20.491370474923563
525000	-9270.593133560265	-9292.181204847086	21.58807128682053	-9292.181204847086	0.08960292719203838	0.4369198810850299	0.16960033729418655	0.7635441553280315	0.057531218454345	0.05745952595856821	0.06140598969658233	0.38715590516270976	0.17285847116707587	0.21985173260723379	0.22013389106298067	0.0	0.2398758865061719	0.05328737905153494	20.869605304673755
526000	-9273.728051446047	-9294.478949251748	20.75089780570169	-9294.478949251748	0.08735977899434302	0.439686186422155	0.16960033729418655	0.7635441553280315	0.057531218454345	0.05745952595856821	0.06140598969658233	0.38715590516270976	0.17285847116707587	0.21985173260723379	0.22013389106298067	0.0	0.2398758865061719	0.11265683609107237	20.781078660578988
527000	-9275.82720970418	-9294.381353388746	18.55414368456539	-9294.381353388746	0.08710673055044463	0.41629958565104547	0.16960033729418655	0.7635441553280315	0.057531218454345	0.05745952595856821	0.06140598969658233	0.38715590516270976	0.17285847116707587	0.21985173260723379	0.22013389106298067	0.0	0.2398758865061719	0.17128234279909518	19.003291512434494
528000	-9273.317798065767	-9295.965388898016	22.647590832247907	-9295.965388898016	0.08646962255440328	0.42040078333892006	0.16960033729418655	0.7635441553280315	0.057531218454345	0.05745952595856821	0.06140598969658233	0.38715590516270976	0.17285847116707587	0.21985173260723379	0.22013389106298067	0.0	0.17211462649063883	0.0795467598015382	22.262009100089358
529000	-9272.663194309942	-9295.918696350971	23.255502041028475	-9295.918696350971	0.08239600554015483	0.4068299259057007	0.16960033729418655	0.7635441553280315	0.057531218454345	0.05745952595856821	0.06140598969658233	0.38715590516270976	0.17285847116707587	0.21985173260723379	0.22013389106298067	0.0	0.17211462649063883	0.07291690433311218	22.782895782501527
530000	-9273.202406880217	-9295.907217051668	22.70481017145099	-9295.907217051668	0.09454927759528911	0.4490414986346678	0.16960033729418655	0.7635441553280315	0.057531218454345	0.05745952595856821	0.06140598969658233	0.38715590516270976	0.17285847116707587	0.21985173260723379	0.22013389106298067	0.0	0.17211462649063883	0.07292549374456439	22.23232170324531
531000	-9272.316166282024	-9294.797490185074	22.481323903050782	-9294.797490185074	0.0932613199504285	0.4479404471567762	0.16960033729418655	0.7635441553280315	0.057531218454345	0.05745952595856821	0.06140598969658233	0.38715590516270976	0.17285847116707587	0.21985173260723379	0.22013389106298067	0.0	0.1902548444897569	0.06835974206747958	21.96232145162358
532000	-9276.049634344965	-9297.917021844945	21.867387499980264	-9297.917021844945	0.09046343012502263	0.44151587797149067	0.16960033729418655	0.7635441553280315	0.057531218454345	0.05745952595856821	0.06140598969658233	0.38715590516270976	0.17285847116707587	0.21985173260723379	0.22013389106298067	0.0	0.1902548444897569	0.053787230528806115	21.108637051692494
533000	-9274.1366558031	-9296.090675435982	21.954019632881245	-9296.090675435982	0.09073443266751714	0.43734949237131393	0.16960033729418655	0.7635441553280315	0.08107403475323147	0.05745952595856821	0.06140598969658233	0.38715590516270976	0.16225089212243982	0.23045931165186984	0.22013389106298067	0.0	0.1902548444897569	0.05398765156837542	21.57585110428731
534000	-9272.593299070117	-9294.246606622712	21.65330755259562	-9294.246606622712	0.08452102657237161	0.42424448001332066	0.16960033729418655	0.7635441553280315	0.08107403475323147	0.10814416617460773	0.06140598969658233	0.38715590516270976	0.16225089212243982	0.23045931165186984	0.22013389106298067	0.0	0.23721668203006632	0.07076909536696711	22.198601564209383
535000	-9273.081584468755	-9293.887350543471	20.805766074715702	-9293.887350543471	0.08881766340817494	0.4378106619057428	0.16960033729418655	0.7635441553280315	0.08107403475323147	0.10814416617460773	0.06140598969658233	0.38715590516270976	0.16225089212243982	0.23045931165186984	0.22013389106298067	0.0	0.23721668203006632	0.09598568725047299	21.655836776254343
536000	-9276.88333501021	-9296.907700383275	20.024365373065475	-9296.907700383275	0.09135722030431492	0.4377309650156825	0.16960033729418655	0.7635441553280315	0.08107403475323147	0.10814416617460773	0.09444246794291679	0.38715590516270976	0.16225089212243982	0.23045931165186984	0.22013389106298067	0.0	0.23721668203006632	0.0518168459872036	20.670215230439286
537000	-9271.089003960851	-9291.05027763712	19.961273676267737	-9291.05027763712	0.09071923605220328	0.4352199438493327	0.16960033729418655	0.7635441553280315	0.08107403475323147	0.10814416617460773	0.09444246794291679	0.38715590516270976	0.16225089212243982	0.23045931165186984	0.22013389106298067	0.0	0.2085330118890971	0.10954634817673024	21.32707228571998
538000	-9277.053537434998	-9298.878947586038	21.82541015103885	-9298.878947586038	0.08613462966330657	0.4254166498422197	0.16960033729418655	0.7635441553280315	0.05839050186922965	0.10814416617460773	0.09444246794291679	0.38715590516270976	0.16225089212243982	0.23045931165186984	0.22013389106298067	0.0	0.2085330118890971	0.07840045973144963	22.54262343405932
539000	-9273.441625124944	-9290.958919369361	17.51729424441665	-9290.958919369361	0.09180089439272955	0.44055156133912654	0.16960033729418655	0.7635441553280315	0.05839050186922965	0.10814416617460773	0.09444246794291679	0.38715590516270976	0.16225089212243982	0.23045931165186984	0.22013389106298067	0.0	0.2085330118890971	0.1606604764365165	18.951971032413226
540000	-9274.370864990704	-9295.833539601603	21.462674610898574	-9295.833539601603	0.08808397558554715	0.42542531813500317	0.16960033729418655	0.7635441553280315	0.05839050186922965	0.10814416617460773	0.09444246794291679	0.38715590516270976	0.16225089212243982	0.23045931165186984	0.22013389106298067	0.0	0.2085330118890971	0.08082239248855361	22.210312164549954
541000	-9275.312589178058	-9297.147974207093	21.83538502903442	-9297.147974207093	0.08423172245902902	0.4211323904003592	0.16960033729418655	0.7635441553280315	0.05839050186922965	0.10814416617460773	0.09444246794291679	0.38715590516270976	0.16225089212243982	0.23045931165186984	0.22013389106298067	0.0	0.2085330118890971	0.07182414112748321	22.464989167738853
542000	-9277.361469971622	-9299.106641373488	21.745171401866905	-9299.106641373488	0.08393727892418204	0.41154110197411653	0.16960033729418655	0.7635441553280315	0.05839050186922965	0.10814416617460773	0.09444246794291679	0.38715590516270976	0.16225089212243982	0.23045931165186984	0.22013389106298067	0.0	0.2085330118890971	0.05595655636588301	22.125130504108753
543000	-9274.172893270254	-9296.052690929495	21.879797659240758	-9296.052690929495	0.08825670937549182	0.4201246767520966	0.16960033729418655	0.7635441553280315	0.05839050186922965	0.10814416617460773	0.09444246794291679	0.3968952777940582	0.16225089212243982	0.2207199390205214	0.22013389106298067	0.0	0.2085330118890971	0.07741611354390948	22.639380125441004
544000	-9276.9989386994	-9298.633696063649	21.63475736424956	-9298.633696063649	0.0847483338242121	0.4187403387536699	0.16960033729418655	0.7635441553280315	0.05839050186922965	0.10814416617460773	0.09444246794291679	0.3968952777940582	0.16225089212243982	0.2207199390205214	0.22013389106298067	0.0	0.2085330118890971	0.0730719209750996	22.33658906117568
545000	-9272.25567142687	-9295.39617407193	23.14050264505927	-9295.39617407193	0.08982622886529737	0.4155455924851921	0.16960033729418655	0.7635441553280315	0.05839050186922965	0.10814416617460773	0.05256739939643617	0.3968952777940582	0.16225089212243982	0.2207199390205214	0.22013389106298067	0.0	0.2085330118890971	0.06568741881997367	23.175010107934547
546000	-9273.760457231127	-9295.24020962437	21.479752393243082	-9295.24020962437	0.08733946282320217	0.436596779460768	0.16960033729418655	0.7635441553280315	0.05839050186922965	0.10814416617460773	0.05256739939643617	0.3968952777940582	0.16225089212243982	0.2207199390205214	0.22013389106298067	0.0	0.2085330118890971	0.063373287031876	21.47839487579715
547000	-9275.71672665641	-9296.904191404738	21.187464748328058	-9296.904191404738	0.08500996171056378	0.42330611222873893	0.16960033729418655	0.7635441553280315	0.08636885785134554	0.10814416617460773	0.05256739939643617	0.3968952777940582	0.16225089212243982	0.2207199390205214	0.22013389106298067	0.0	0.2085330118890971	0.053427140070730045	21.39008172722004
548000	-9275.229890369801	-9296.659935700873	21.430045331072016	-9296.659935700873	0.08938704386238557	0.4327215248310336	0.16960033729418655	0.7635441553280315	0.08636885785134554	0.10814416617460773	0.05256739939643617	0.3968952777940582	0.16225089212243982	0.2207199390205214	0.22013389106298067	0.0	0.2085330118890971	0.05584143473274365	21.676859603845667
549000	-9273.24483224027	-9295.319162966605	22.074330726334363	-9295.319162966605	0.08498475759348474	0.4175933156246008	0.16960033729418655	0.7635441553280315	0.08636885785134554	0.10814416617460773	0.05256739939643617	0.3968952777940582	0.16225089212243982	0.2207199390205214	0.22013389106298067	0.0	0.2085330118890971	0.07747194792283507	22.648544755895156
550000	-9277.722187237674	-9297.702661120113	19.98047388243865	-9297.702661120113	0.09568039967847078	0.46416717187795126	0.15381384904600354	0.7635441553280315	0.08636885785134554	0.10814416617460773	0.05256739939643617	0.3968952777940582	0.16225089212243982	0.2207199390205214	0.22013389106298067	0.0	0.2085330118890971	0.10680135826648604	20.78134746629782
551000	-9279.119415637582	-9301.650614515884	22.53119887830221	-9301.650614515884	0.08510145057785828	0.4051437819887985	0.15381384904600354	0.7635441553280315	0.08636885785134554	0.10814416617460773	0.05256739939643617	0.3968952777940582	0.16225089212243982	0.2207199390205214	0.22013389106298067	0.0	0.2085330118890971	0.0534406263729221	22.639673068075055
552000	-9273.666868864411	-9297.26205583374	23.59518696932869	-9297.26205583374	0.08081220650769605	0.3864911416522043	0.15381384904600354	0.7635441553280315	0.08636885785134554	0.10814416617460773	0.05256739939643617	0.3968952777940582	0.16225089212243982	0.2207199390205214	0.22013389106298067	0.0	0.2085330118890971	0.060006913388655374	23.819549687620327
553000	-9270.80900112422	-9293.477254736777	22.66825361255704	-9293.477254736777	0.09128875302207741	0.4207446488863318	0.15381384904600354	0.7635441553280315	0.08636885785134554	0.10814416617460773	0.05256739939643617	0.3968952777940582	0.16225089212243982	0.2207199390205214	0.22013389106298067	0.0	0.2085330118890971	0.07438525778482498	23.107414326271698
554000	-9273.770581081511	-9295.875912556536	22.105331475024354	-9295.875912556536	0.08641858700209085	0.4218720987102657	0.15381384904600354	0.7635441553280315	0.08636885785134554	0.10814416617460773	0.05256739939643617	0.3968952777940582	0.16225089212243982	0.2207199390205214	0.22013389106298067	0.0	0.1831466817799851	0.08599202861840241	22.66410268595198
555000	-9276.48476078087	-9297.233552011407	20.748791230536604	-9297.233552011407	0.09463481230869589	0.4638264842021191	0.15381384904600354	0.7635441553280315	0.08636885785134554	0.10814416617460773	0.05256739939643617	0.3968952777940582	0.16225089212243982	0.2207199390205214	0.22013389106298067	0.0	0.1831466817799851	0.0707531346231028	21.112504681159223
556000	-9273.706385230453	-9295.479171689787	21.772786459334853	-9295.479171689787	0.08705217032314184	0.42857640535895436	0.15381384904600354	0.7635441553280315	0.08636885785134554	0.07728888027181141	0.05256739939643617	0.3968952777940582	0.16225089212243982	0.2207199390205214	0.22013389106298067	0.0	0.1831466817799851	0.08979676305194134	22.052647109120496
557000	-9274.198563060392	-9296.756045407828	22.55748234743695	-9296.756045407828	0.08684097215331263	0.4188996472765205	0.15381384904600354	0.7635441553280315	0.08636885785134554	0.07728888027181141	0.05256739939643617	0.3968952777940582	0.16225089212243982	0.2207199390205214	0.22013389106298067	0.0	0.1831466817799851	0.07229876435767445	22.620601107286387
558000	-9276.578105987901	-9297.549082485795	20.97097649789509	-9297.549082485795	0.0917994095862853	0.447196400248722	0.15381384904600354	0.7635441553280315	0.05251221782006276	0.04249210573190381	0.05256739939643617	0.3968952777940582	0.16225089212243982	0.2207199390205214	0.22013389106298067	0.0	0.1831466817799851	0.04633185174645281	19.541230110601134
559000	-9271.90292967043	-9294.88189002505	22.978960354620238	-9294.88189002505	0.09593941768481247	0.4505354513247252	0.15381384904600354	0.7635441553280315	0.05251221782006276	0.04249210573190381	0.05256739939643617	0.3968952777940582	0.16225089212243982	0.2207199390205214	0.22013389106298067	0.0	0.1831466817799851	0.06801658526639325	21.933135876483696
560000	-9275.21505597342	-9297.349988691147	22.13493271772703	-9297.349988691147	0.09233747003962506	0.4534599784484682	0.15381384904600354	0.7635441553280315	0.05251221782006276	0.04249210573190381	0.05256739939643617	0.3968952777940582	0.16225089212243982	0.2207199390205214	0.22013389106298067	0.0	0.1831466817799851	0.05657167826162003	20.904865139081952
561000	-9275.300219777748	-9298.030309062118	22.730089284370887	-9298.030309062118	0.09169329297206683	0.4376025965361839	0.15381384904600354	0.7635441553280315	0.05251221782006276	0.04249210573190381	0.0851233518641253	0.3968952777940582	0.16225089212243982	0.2207199390205214	0.22013389106298067	0.0	0.1831466817799851	0.06522910004137142	22.103579509809343
562000	-9274.003292910236	-9295.640432924272	21.63714001403544	-9295.640432924272	0.09224678920763525	0.43007376447746937	0.15381384904600354	0.7635441553280315	0.05251221782006276	0.02720202965228789	0.0851233518641253	0.3968952777940582	0.16225089212243982	0.2207199390205214	0.22013389106298067	0.0	0.1831466817799851	0.12095970115553266	21.202927599624
563000	-9280.448857856883	-9301.457113114213	21.008255257329264	-9301.457113114213	0.09594842364572294	0.4684285712977924	0.15381384904600354	0.7635441553280315	0.05251221782006276	0.02720202965228789	0.0851233518641253	0.3968952777940582	0.16225089212243982	0.2207199390205214	0.22013389106298067	0.0	0.1831466817799851	0.054421465561046704	19.77534406464732
564000	-9280.55751012562	-9302.07764289751	21.52013277188986	-9302.07764289751	0.09073686840590746	0.4423212045741339	0.15381384904600354	0.7635441553280315	0.07115943876486648	0.02720202965228789	0.0851233518641253	0.3968952777940582	0.16225089212243982	0.2207199390205214	0.22013389106298067	0.0	0.1831466817799851	0.10597964743621895	21.244257965377884
565000	-9281.464876108279	-9302.231801893187	20.766925784908427	-9302.231801893187	0.08531608164694904	0.43741567046621477	0.15381384904600354	0.7635441553280315	0.07115943876486648	0.02720202965228789	0.0851233518641253	0.3968952777940582	0.16225089212243982	0.2207199390205214	0.22013389106298067	0.0	0.1831466817799851	0.11605116416587412	20.581835072297327
566000	-9277.115328467102	-9300.641262927022	23.525934459920766	-9300.641262927022	0.09473546230396789	0.4315907851176186	0.15381384904600354	0.7635441553280315	0.07115943876486648	0.02720202965228789	0.0851233518641253	0.3968952777940582	0.16225089212243982	0.2207199390205214	0.22013389106298067	0.0	0.1831466817799851	0.0643455486715074	22.75108034098637
567000	-9277.394841812795	-9299.42435421292	22.029512400125636	-9299.42435421292	0.0948444273341042	0.4481411858851133	0.15381384904600354	0.7635441553280315	0.07115943876486648	0.02720202965228789	0.0851233518641253	0.3968952777940582	0.16225089212243982	0.2207199390205214	0.22013389106298067	0.0	0.24274792971084727	0.05960570899754543	21.23774312921982
568000	-9276.709152946007	-9299.751546974283	23.04239402827545	-9299.751546974283	0.0912491538774685	0.4389194331853313	0.15381384904600354	0.649246587029252	0.07115943876486648	0.02720202965228789	0.0851233518641253	0.3968952777940582	0.16225089212243982	0.2207199390205214	0.22013389106298067	0.0	0.24274792971084727	0.05902299057961389	22.081035115839654
569000	-9275.468325677914	-9297.332719024898	21.864393346983928	-9297.332719024898	0.08609876090884677	0.42534001876994176	0.15381384904600354	0.649246587029252	0.07115943876486648	0.02720202965228789	0.0851233518641253	0.3968952777940582	0.16225089212243982	0.2207199390205214	0.22013389106298067	0.0	0.24274792971084727	0.11015045633443078	21.526954611788724
570000	-9280.762155637507	-9302.7968260263	22.03467038879383	-9302.7968260263	0.08508927613020488	0.41485869242810536	0.15381384904600354	0.649246587029252	0.07115943876486648	0.02720202965228789	0.0851233518641253	0.3968952777940582	0.16225089212243982	0.2207199390205214	0.22013389106298067	0.0	0.17811528937767865	0.11739690821280473	21.69631236873171
571000	-9275.776626846704	-9298.367058847913	22.590432001208494	-9298.367058847913	0.09071522724301304	0.43498764936615314	0.15381384904600354	0.649246587029252	0.07115943876486648	0.02720202965228789	0.0851233518641253	0.3968952777940582	0.16225089212243982	0.2207199390205214	0.22013389106298067	0.0	0.17811528937767865	0.09404998331126797	22.03033978789657
572000	-9277.488835387268	-9301.10743443494	23.61859904767093	-9301.10743443494	0.08792118788408064	0.42670615883388063	0.15381384904600354	0.649246587029252	0.04125666102590902	0.02720202965228789	0.0851233518641253	0.3968952777940582	0.16225089212243982	0.2207199390205214	0.22013389106298067	0.0	0.17811528937767865	0.06426729692360493	22.156886201819717
573000	-9280.401754009667	-9304.733371661367	24.331617651700306	-9304.733371661367	0.08602998939367877	0.4082892021789638	0.15381384904600354	0.649246587029252	0.04125666102590902	0.02720202965228789	0.0851233518641253	0.41222500263660594	0.16225089212243982	0.2207199390205214	0.2048041662204329	0.0	0.17811528937767865	0.07135738681971705	23.07740935327433
574000	-9280.608347738895	-9301.83532317939	21.226975440496023	-9301.83532317939	0.09286960549362822	0.45796259390570254	0.15381384904600354	0.649246587029252	0.04125666102590902	0.02720202965228789	0.0851233518641253	0.41222500263660594	0.15322729412219158	0.2207199390205214	0.21382776422068114	0.0	0.17811528937767865	0.1171822615308982	20.511111300107707
575000	-9276.515404042626	-9299.871803460343	23.356399417717448	-9299.871803460343	0.08459442474279355	0.4048336122418831	0.15381384904600354	0.649246587029252	0.04125666102590902	0.02720202965228789	0.0851233518641253	0.3985617343912403	0.16689056236755717	0.2207199390205214	0.21382776422068114	0.0	0.17811528937767865	0.04547267452224687	21.538789466662823
576000	-9279.241038267855	-9303.167973163343	23.926934895487605	-9303.167973163343	0.10065927981693686	0.4461306351009477	0.15381384904600354	0.649246587029252	0.04125666102590902	0.02720202965228789	0.0851233518641253	0.3985617343912403	0.16689056236755717	0.2207199390205214	0.21382776422068114	0.0	0.17811528937767865	0.059245511794493964	22.3739033856772
577000	-9277.5219088954	-9300.888772533312	23.36686363791221	-9300.888772533312	0.08507702008840647	0.4155168324450164	0.15381384904600354	0.649246587029252	0.04125666102590902	0.02720202965228789	0.0851233518641253	0.3985617343912403	0.16689056236755717	0.2207199390205214	0.21382776422068114	0.0	0.17811528937767865	0.04970007820426404	21.638148607887445
578000	-9279.528341532263	-9301.620256226446	22.091914694182922	-9301.620256226446	0.09501706238264997	0.4675923103789629	0.15381384904600354	0.649246587029252	0.06278248180440857	0.02720202965228789	0.0851233518641253	0.3985617343912403	0.16689056236755717	0.2207199390205214	0.21382776422068114	0.0	0.17811528937767865	0.08053094309873508	21.24685756457331
579000	-9280.979305373869	-9302.749882426426	21.7705770525576	-9302.749882426426	0.09939872594862059	0.4809121766842659	0.15381384904600354	0.649246587029252	0.06278248180440857	0.02720202965228789	0.0851233518641253	0.3985617343912403	0.16689056236755717	0.2207199390205214	0.21382776422068114	0.0	0.17811528937767865	0.0637220923231174	20.691409746771143
580000	-9276.389685798325	-9298.825502641363	22.43581684303657	-9298.825502641363	0.10034849369299093	0.46718824324540265	0.15381384904600354	0.649246587029252	0.04332876137247337	0.02720202965228789	0.0851233518641253	0.3985617343912403	0.16689056236755717	0.2207199390205214	0.21382776422068114	0.0	0.17811528937767865	0.10154018926103855	21.46831105660072
581000	-9274.956776443361	-9298.560999527299	23.604223083937327	-9298.560999527299	0.08164207611427123	0.4016367180974053	0.15381384904600354	0.649246587029252	0.04332876137247337	0.07569805960486704	0.0851233518641253	0.3985617343912403	0.16689056236755717	0.2207199390205214	0.21382776422068114	0.0	0.17811528937767865	0.07682147881799342	23.33488439069923
582000	-9272.13138920514	-9294.982013358158	22.850624153017776	-9294.982013358158	0.08726655438152328	0.423426417472356	0.15381384904600354	0.649246587029252	0.04332876137247337	0.07569805960486704	0.0851233518641253	0.3985617343912403	0.16689056236755717	0.2207199390205214	0.21382776422068114	0.0	0.17811528937767865	0.061689591369793385	22.361916405887897
583000	-9282.72402827789	-9306.326502522174	23.602474244283908	-9306.326502522174	0.07643171587128693	0.38731223513681634	0.15381384904600354	0.649246587029252	0.04332876137247337	0.07569805960486704	0.09499989587940273	0.3985617343912403	0.16689056236755717	0.2207199390205214	0.21382776422068114	0.0	0.17811528937767865	0.0615441258363747	23.216679016136
584000	-9276.378281597974	-9300.030697943834	23.652416345860644	-9300.030697943834	0.08745517669627688	0.4200351394098124	0.15381384904600354	0.649246587029252	0.04332876137247337	0.07569805960486704	0.06426358773927762	0.38842367271760403	0.17702862404119343	0.2207199390205214	0.21382776422068114	0.0	0.17811528937767865	0.08116583191210108	23.069326657550736
585000	-9274.537126355142	-9297.761901398653	23.224775043511436	-9297.761901398653	0.09263429101200304	0.4291241591467229	0.15381384904600354	0.649246587029252	0.07989309467283492	0.07569805960486704	0.06426358773927762	0.38842367271760403	0.17702862404119343	0.2207199390205214	0.21382776422068114	0.0	0.17811528937767865	0.07501016711593879	23.147750221310595
586000	-9275.499832291334	-9297.092138813223	21.592306521888077	-9297.092138813223	0.09538989836069928	0.45787745444391487	0.15381384904600354	0.649246587029252	0.07989309467283492	0.07569805960486704	0.06426358773927762	0.38842367271760403	0.17702862404119343	0.2207199390205214	0.21382776422068114	0.0	0.17811528937767865	0.07893240141912067	21.56624984171916
587000	-9270.923808482607	-9292.959121257512	22.03531277490576	-9292.959121257512	0.08775228229479883	0.4259720458740665	0.15381384904600354	0.649246587029252	0.05119294374671186	0.07569805960486704	0.06426358773927762	0.38842367271760403	0.17702862404119343	0.2207199390205214	0.21382776422068114	0.0	0.17811528937767865	0.10298882695409256	21.849581444539073
588000	-9272.18299781566	-9295.04376737451	22.860769558848165	-9295.04376737451	0.0975758076137533	0.4439362574310068	0.15381384904600354	0.649246587029252	0.05119294374671186	0.07569805960486704	0.06426358773927762	0.38842367271760403	0.17702862404119343	0.2207199390205214	0.21382776422068114	0.0	0.17811528937767865	0.05770113642307545	22.095694591003696
589000	-9270.480364087662	-9293.103449954784	22.623085867122544	-9293.103449954784	0.09042842884310591	0.44132783372165857	0.15381384904600354	0.649246587029252	0.05119294374671186	0.07569805960486704	0.06426358773927762	0.38842367271760403	0.17702862404119343	0.2207199390205214	0.21382776422068114	0.0	0.17811528937767865	0.07857690991305522	22.166811919851753
590000	-9277.257001700014	-9298.821901292364	21.564899592348496	-9298.821901292364	0.09868909653317283	0.4778613482308573	0.15381384904600354	0.649246587029252	0.05119294374671186	0.046619340674884796	0.06426358773927762	0.38842367271760403	0.16468140506383283	0.2207199390205214	0.22617498319804175	0.0	0.28412530161793037	0.09575498899698366	20.997424235275282
591000	-9277.411311802223	-9300.20565335325	22.794341551026328	-9300.20565335325	0.08802870237152761	0.4244640571432061	0.15381384904600354	0.649246587029252	0.05119294374671186	0.046619340674884796	0.06426358773927762	0.38842367271760403	0.16468140506383283	0.2207199390205214	0.22617498319804175	0.0	0.28412530161793037	0.050180874181163584	21.58070742453714
592000	-9281.115920878832	-9303.465598059369	22.34967718053723	-9303.465598059369	0.08043858069088142	0.4041250136857002	0.15381384904600354	0.649246587029252	0.05119294374671186	0.11502866043467663	0.06426358773927762	0.38842367271760403	0.16468140506383283	0.2207199390205214	0.22617498319804175	0.0	0.28412530161793037	0.08922295344088597	22.576395892521845
593000	-9276.571638099194	-9298.637213753122	22.065575653928118	-9298.637213753122	0.09509266906706215	0.4403000940564148	0.15381384904600354	0.649246587029252	0.05119294374671186	0.11502866043467663	0.06426358773927762	0.38842367271760403	0.16468140506383283	0.2207199390205214	0.22617498319804175	0.0	0.1731901374959218	0.0836348833056785	22.11668156721889
594000	-9279.217809811877	-9301.953198905028	22.73538909315091	-9301.953198905028	0.08384782368933187	0.4144851697578904	0.15381384904600354	0.649246587029252	0.05119294374671186	0.11502866043467663	0.06426358773927762	0.38842367271760403	0.16468140506383283	0.2207199390205214	0.22617498319804175	0.0	0.1731901374959218	0.05861190917471961	22.43097221313207
595000	-9276.4238266049	-9297.096745372488	20.672918767588772	-9297.096745372488	0.09400949029101416	0.4437999624582242	0.15381384904600354	0.649246587029252	0.05119294374671186	0.06532598460270105	0.06426358773927762	0.38842367271760403	0.16468140506383283	0.2207199390205214	0.22617498319804175	0.0	0.1731901374959218	0.1312409362310854	20.63212669453661
596000	-9270.65517026836	-9293.989578084724	23.33440781636495	-9293.989578084724	0.08795640318017398	0.42217481112980126	0.15381384904600354	0.649246587029252	0.05119294374671186	0.06532598460270105	0.06426358773927762	0.38842367271760403	0.16468140506383283	0.2207199390205214	0.22617498319804175	0.0	0.1731901374959218	0.07681157553843042	22.757936253465267
597000	-9277.441393532295	-9299.97059008619	22.529196553895396	-9299.97059008619	0.09377676986349798	0.4503497273100302	0.15381384904600354	0.649246587029252	0.05119294374671186	0.06532598460270105	0.06426358773927762	0.38842367271760403	0.16468140506383283	0.2207199390205214	0.22617498319804175	0.0	0.1731901374959218	0.06942469660015291	21.8516123020449
598000	-9276.921502598914	-9298.792977069525	21.8714744706095	-9298.792977069525	0.09351803586641402	0.4314414635551244	0.127857812081576	0.649246587029252	0.05119294374671186	0.06532598460270105	0.06426358773927762	0.38842367271760403	0.16468140506383283	0.2207199390205214	0.22617498319804175	0.0	0.1731901374959218	0.045137526663487346	20.58518284868741
599000	-9274.348068058558	-9297.248666704336	22.90059864577749	-9297.248666704336	0.0933216931288174	0.4478922749386427	0.127857812081576	0.649246587029252	0.05119294374671186	0.06532598460270105	0.06426358773927762	0.38842367271760403	0.16468140506383283	0.2207199390205214	0.22617498319804175	0.0	0.1731901374959218	0.06045517254501827	21.906495187263825
600000	-9276.157689378819	-9297.627805099022	21.470115720203303	-9297.627805099022	0.09974914769104146	0.46248628892254096	0.127857812081576	0.649246587029252	0.05119294374671186	0.06532598460270105	0.06426358773927762	0.38842367271760403	0.15254671086423385	0.23285463322012037	0.22617498319804175	0.0	0.22841054833823607	0.10352768697184014	21.138236112459243
601000	-9273.49785728126	-9296.489735257062	22.991877975802225	-9296.489735257062	0.09155005493835422	0.43437741927408546	0.127857812081576	0.649246587029252	0.05119294374671186	0.06532598460270105	0.06426358773927762	0.40035359581542057	0.15254671086423385	0.22092471012230383	0.22617498319804175	0.0	0.22841054833823607	0.05644305807339668	22.12041441101289
602000	-9278.275651650501	-9298.569895345221	20.2942436947201	-9298.569895345221	0.09614540959110318	0.46767272014153594	0.127857812081576	0.649246587029252	0.05119294374671186	0.06532598460270105	0.06426358773927762	0.40035359581542057	0.15254671086423385	0.22092471012230383	0.22617498319804175	0.0	0.22841054833823607	0.05372013882854111	19.373335777632615
603000	-9281.412698612638	-9303.084780515968	21.672081903330813	-9303.084780515968	0.09615436911618952	0.4630467183194772	0.127857812081576	0.649246587029252	0.0721010428766951	0.06532598460270105	0.06426358773927762	0.40035359581542057	0.15254671086423385	0.22092471012230383	0.22617498319804175	0.0	0.22841054833823607	0.07296705094270205	21.384828285737598
604000	-9279.339729738547	-9300.615549498078	21.27581975952951	-9300.615549498078	0.0957854163232447	0.45561904485505866	0.127857812081576	0.649246587029252	0.0721010428766951	0.06532598460270105	0.06426358773927762	0.40035359581542057	0.15254671086423385	0.22092471012230383	0.22617498319804175	0.0	0.22841054833823607	0.09778135885284618	21.28129211372615
605000	-9278.973877261215	-9301.504854635949	22.53097737473409	-9301.504854635949	0.08728678474568709	0.42423280231034033	0.143163252107693	0.649246587029252	0.0721010428766951	0.06532598460270105	0.06426358773927762	0.40035359581542057	0.15254671086423385	0.22092471012230383	0.22617498319804175	0.0	0.22841054833823607	0.06488064716797626	22.235209162367006
606000	-9276.207741568913	-9297.473334421058	21.265592852145453	-9297.473334421058	0.08929589255876164	0.42731803171673743	0.143163252107693	0.649246587029252	0.0721010428766951	0.06532598460270105	0.0752824941763156	0.40035359581542057	0.15254671086423385	0.22092471012230383	0.22617498319804175	0.0	0.22841054833823607	0.10703137182375452	21.62184085275367
607000	-9277.30857083733	-9299.22216879224	21.913597954909633	-9299.22216879224	0.09499647323076328	0.4445532786343143	0.143163252107693	0.649246587029252	0.0721010428766951	0.06532598460270105	0.0752824941763156	0.38624506004971587	0.16665524662993855	0.22092471012230383	0.22617498319804175	0.0	0.22841054833823607	0.06577364944832677	21.625202273986343
608000	-9273.253125822235	-9295.12442296662	21.87129714438471	-9295.12442296662	0.08405282398919067	0.41819618744757725	0.143163252107693	0.649246587029252	0.0721010428766951	0.06532598460270105	0.07683274098630663	0.38624506004971587	0.16665524662993855	0.22092471012230383	0.22617498319804175	0.0	0.22841054833823607	0.09467983671319787	21.966702329993872
609000	-9270.291529655493	-9292.947154317553	22.65562466206095	-9292.947154317553	0.0843070408974494	0.4111901593155288	0.143163252107693	0.649246587029252	0.0721010428766951	0.06532598460270105	0.07683274098630663	0.38624506004971587	0.16665524662993855	0.22092471012230383	0.22617498319804175	0.0	0.22841054833823607	0.0839956348935974	22.63129361958415
610000	-9273.620499942259	-9293.645356971823	20.024857029563815	-9293.645356971823	0.09200017575524355	0.4501187237141715	0.143163252107693	0.649246587029252	0.0721010428766951	0.06532598460270105	0.07683274098630663	0.38624506004971587	0.16665524662993855	0.22092471012230383	0.22617498319804175	0.0	0.22841054833823607	0.0484227168961255	19.449730216113206
611000	-9276.93047340478	-9299.479167854422	22.54869444964152	-9299.479167854422	0.08896193805470876	0.4329144332824865	0.143163252107693	0.649246587029252	0.0721010428766951	0.06532598460270105	0.07683274098630663	0.38624506004971587	0.16665524662993855	0.22092471012230383	0.22617498319804175	0.0	0.22841054833823607	0.07842503935132318	22.455741831070824
612000	-9274.752988519536	-9295.740297817425	20.987309297889535	-9295.740297817425	0.08958051336635894	0.44115412817285304	0.17871342185643774	0.649246587029252	0.0721010428766951	0.06532598460270105	0.07683274098630663	0.38624506004971587	0.16665524662993855	0.22092471012230383	0.22617498319804175	0.0	0.22841054833823607	0.05617859926761791	20.775012358032612
613000	-9282.199683928544	-9302.32340107802	20.12371714947642	-9302.32340107802	0.0993030534726178	0.4900012782945377	0.17871342185643774	0.649246587029252	0.0721010428766951	0.06532598460270105	0.07683274098630663	0.38624506004971587	0.16665524662993855	0.22092471012230383	0.22617498319804175	0.0	0.22841054833823607	0.08486733331725803	20.323973573885368
614000	-9271.616907342255	-9294.75163170255	23.13472436029492	-9294.75163170255	0.08545156894362621	0.40680157618212354	0.17871342185643774	0.649246587029252	0.0721010428766951	0.06532598460270105	0.05394017449612728	0.38624506004971587	0.16665524662993855	0.22092471012230383	0.22617498319804175	0.0	0.22841054833823607	0.0841150198745827	22.987719875863764
615000	-9276.958031196564	-9300.191870324803	23.233839128239325	-9300.191870324803	0.08312118185913833	0.40198306966587544	0.17871342185643774	0.649246587029252	0.0721010428766951	0.06532598460270105	0.09541631909355568	0.38624506004971587	0.16665524662993855	0.22092471012230383	0.22617498319804175	0.0	0.22841054833823607	0.07769532602359693	23.55344758050166
616000	-9275.34290886466	-9298.127492370433	22.78458350577317	-9298.127492370433	0.08551712029977096	0.41106557368873475	0.17871342185643774	0.649246587029252	0.0721010428766951	0.06532598460270105	0.09541631909355568	0.38624506004971587	0.16665524662993855	0.22935818198291386	0.21774151133743172	0.0	0.22841054833823607	0.08000302984347676	23.13507356482431
617000	-9273.369632591453	-9295.051428740087	21.68179614863363	-9295.051428740087	0.08554961681884492	0.42287869786490057	0.17871342185643774	0.7214242052158527	0.0721010428766951	0.06532598460270105	0.09541631909355568	0.38624506004971587	0.16665524662993855	0.22935818198291386	0.21774151133743172	0.0	0.22841054833823607	0.058767728167255236	21.827567436053805
618000	-9272.552220104179	-9294.10481448475	21.552594380572266	-9294.10481448475	0.09499943347843172	0.4527429682036095	0.17871342185643774	0.7214242052158527	0.0721010428766951	0.04506771000602326	0.09541631909355568	0.38624506004971587	0.16665524662993855	0.22935818198291386	0.21774151133743172	0.0	0.22841054833823607	0.07121858764181567	21.535838158648907
619000	-9272.229234835253	-9294.915494431458	22.686259596204287	-9294.915494431458	0.08573458505506698	0.4168086188411964	0.17871342185643774	0.7214242052158527	0.0721010428766951	0.04506771000602326	0.09541631909355568	0.38624506004971587	0.16665524662993855	0.22935818198291386	0.21774151133743172	0.0	0.22841054833823607	0.06136156462249265	22.52053318334549
620000	-9273.075178806805	-9296.030192355649	22.955013548843638	-9296.030192355649	0.07931562575642293	0.40594207557188544	0.17871342185643774	0.7214242052158527	0.0721010428766951	0.04506771000602326	0.09541631909355568	0.38624506004971587	0.16665524662993855	0.22935818198291386	0.21774151133743172	0.0	0.22841054833823607	0.06856946384749617	22.900350782400274
621000	-9269.968797839925	-9290.840016304603	20.871218464677824	-9290.840016304603	0.09032060625804603	0.4394530579684205	0.17871342185643774	0.7214242052158527	0.0721010428766951	0.09654749663932395	0.06565676059047332	0.38624506004971587	0.16665524662993855	0.22935818198291386	0.21774151133743172	0.0	0.22841054833823607	0.09913287256030336	21.55599852182121
622000	-9273.04869220126	-9295.047723941492	21.999031740231786	-9295.047723941492	0.09154362613075279	0.4172438882615028	0.17871342185643774	0.7214242052158527	0.0721010428766951	0.09654749663932395	0.06565676059047332	0.38624506004971587	0.16665524662993855	0.22935818198291386	0.21774151133743172	0.0	0.22841054833823607	0.04892047344902796	21.977546688839166
623000	-9273.80114929826	-9295.374792608185	21.573643309925004	-9295.374792608185	0.09139711725187791	0.44025592511749445	0.17871342185643774	0.7214242052158527	0.0721010428766951	0.09654749663932395	0.06565676059047332	0.38624506004971587	0.16665524662993855	0.22935818198291386	0.21774151133743172	0.0	0.22841054833823607	0.07315092743350245	21.954487075636866
624000	-9270.969959762007	-9292.823087023962	21.85312726195542	-9292.823087023962	0.08677603626826297	0.42656856826913647	0.17871342185643774	0.7214242052158527	0.0721010428766951	0.09654749663932395	0.06565676059047332	0.38624506004971587	0.16665524662993855	0.22935818198291386	0.21774151133743172	0.0	0.22841054833823607	0.06142376467472872	22.05924302885423
625000	-9277.764349325069	-9299.39031741288	21.625968087811813	-9299.39031741288	0.08852670465684831	0.43286157108403894	0.17871342185643774	0.7214242052158527	0.0721010428766951	0.09654749663932395	0.06565676059047332	0.38624506004971587	0.16665524662993855	0.22935818198291386	0.21774151133743172	0.0	0.22841054833823607	0.08102311658848861	22.10902155155894
626000	-9274.016465499053	-9294.359723964208	20.343258465155138	-9294.359723964208	0.10142092328328009	0.4638904329617626	0.17871342185643774	0.7214242052158527	0.0721010428766951	0.09654749663932395	0.06565676059047332	0.38624506004971587	0.16665524662993855	0.22935818198291386	0.21774151133743172	0.0	0.22841054833823607	0.10501269603773446	21.085658682457485
627000	-9269.717403132245	-9292.22800829745	22.510605165204748	-9292.22800829745	0.08906218707101544	0.43306933943333215	0.17871342185643774	0.7214242052158527	0.0721010428766951	0.042039691186708215	0.08728572404110052	0.38624506004971587	0.16665524662993855	0.22935818198291386	0.21774151133743172	0.0	0.22841054833823607	0.06889346359468441	22.308856739992034
628000	-9274.557301088456	-9295.712965929075	21.15566484061775	-9295.712965929075	0.09812619151680593	0.4580073735777344	0.17871342185643774	0.7214242052158527	0.0721010428766951	0.10360280710355713	0.056315988974132425	0.38624506004971587	0.16665524662993855	0.22935818198291386	0.21774151133743172	0.0	0.22841054833823607	0.06846315050114939	21.39126480362712
629000	-9277.217543448256	-9298.907106098392	21.689562650134885	-9298.907106098392	0.0927601192566659	0.4452985479119172	0.17871342185643774	0.7214242052158527	0.0721010428766951	0.10360280710355713	0.056315988974132425	0.38624506004971587	0.16665524662993855	0.22935818198291386	0.21774151133743172	0.0	0.22841054833823607	0.06717826985899718	21.906216791552634
630000	-9280.995008149064	-9298.351185660924	17.356177511859087	-9298.351185660924	0.08641852924910455	0.4192813826891078	0.17871342185643774	0.7214242052158527	0.0721010428766951	0.10360280710355713	0.0382309640143487	0.38624506004971587	0.16665524662993855	0.22935818198291386	0.21774151133743172	0.0	0.22841054833823607	0.18279752256532045	18.204086336073896
631000	-9279.155740012775	-9300.190020862727	21.03428084995189	-9300.190020862727	0.09944281804946185	0.46089962105756427	0.17871342185643774	0.7214242052158527	0.0721010428766951	0.10360280710355713	0.0382309640143487	0.38624506004971587	0.16665524662993855	0.22935818198291386	0.21774151133743172	0.0	0.22841054833823607	0.10701654016599772	21.346793971450747
632000	-9272.838452827345	-9294.524495062964	21.686042235619063	-9294.524495062964	0.08758491411867667	0.42608499252885346	0.17871342185643774	0.7214242052158527	0.0721010428766951	0.10360280710355713	0.0382309640143487	0.38624506004971587	0.16665524662993855	0.22935818198291386	0.21774151133743172	0.0	0.22841054833823607	0.09652443584403876	21.895368151083403
633000	-9272.955013451518	-9294.568390725655	21.613377274137264	-9294.568390725655	0.08905591849102412	0.44239834172368786	0.17871342185643774	0.7214242052158527	0.0721010428766951	0.10360280710355713	0.0382309640143487	0.38624506004971587	0.16665524662993855	0.22935818198291386	0.21774151133743172	0.0	0.22841054833823607	0.0612167379322782	21.36732763988062
634000	-9275.001656234228	-9297.421937625084	22.420281390855422	-9297.421937625084	0.0865803192224564	0.4205065093102077	0.17871342185643774	0.7214242052158527	0.0721010428766951	0.10360280710355713	0.0382309640143487	0.38624506004971587	0.16665524662993855	0.22935818198291386	0.21774151133743172	0.0	0.22841054833823607	0.061498930507165046	22.178830893382013
635000	-9275.969200094556	-9298.73513773544	22.765937640885227	-9298.73513773544	0.09141214328345927	0.4278218184197811	0.1352685553603429	0.7214242052158527	0.0721010428766951	0.10360280710355713	0.0382309640143487	0.38624506004971587	0.16665524662993855	0.22935818198291386	0.21774151133743172	0.0	0.22841054833823607	0.05865337152985658	22.208172576286323
636000	-9276.107418581087	-9298.654415323052	22.54699674196557	-9298.654415323052	0.09116806026074348	0.43619524245049407	0.1352685553603429	0.7214242052158527	0.0721010428766951	0.10360280710355713	0.0382309640143487	0.38624506004971587	0.16665524662993855	0.22935818198291386	0.21774151133743172	0.0	0.22841054833823607	0.08006889845417989	22.30047411303414
637000	-9277.035399782586	-9300.498475225762	23.46307544317588	-9300.498475225762	0.07933074832883752	0.39304081771923854	0.1352685553603429	0.7214242052158527	0.0721010428766951	0.10360280710355713	0.0382309640143487	0.38624506004971587	0.16665524662993855	0.22935818198291386	0.21774151133743172	0.0	0.22841054833823607	0.07528996197337369	23.155012138332822
638000	-9274.7970670078	-9296.702159768112	21.905092760313018	-9296.702159768112	0.09740674366244949	0.45376573020164945	0.1352685553603429	0.7214242052158527	0.0721010428766951	0.10360280710355713	0.0382309640143487	0.38624506004971587	0.16665524662993855	0.22935818198291386	0.21774151133743172	0.0	0.22841054833823607	0.07528106933554779	21.596911336629184
639000	-9269.906906002783	-9292.765787496626	22.858881493843356	-9292.765787496626	0.08587966005349841	0.4224937447608422	0.1352685553603429	0.7214242052158527	0.0721010428766951	0.10360280710355713	0.0382309640143487	0.38624506004971587	0.16665524662993855	0.22935818198291386	0.21774151133743172	0.0	0.22841054833823607	0.07484033372036904	22.544828330720794
640000	-9278.454026752215	-9299.809945962234	21.35591921001886	-9299.809945962234	0.086914639457191	0.44094703013750886	0.1352685553603429	0.7214242052158527	0.0721010428766951	0.10360280710355713	0.0382309640143487	0.38624506004971587	0.16665524662993855	0.22935818198291386	0.21774151133743172	0.0	0.22841054833823607	0.0939112574955777	21.26885935354268
641000	-9268.087981583329	-9290.38532159364	22.29734001031037	-9290.38532159364	0.09081299028607107	0.4340362904079076	0.1352685553603429	0.7214242052158527	0.0721010428766951	0.10360280710355713	0.0382309640143487	0.39935725893148355	0.16665524662993855	0.21624598310114618	0.21774151133743172	0.0	0.22841054833823607	0.08908551635507878	22.23397853669365
642000	-9273.721343791505	-9295.246111336917	21.52476754541294	-9295.246111336917	0.0872536070048829	0.4225973979974026	0.1352685553603429	0.7214242052158527	0.0721010428766951	0.10360280710355713	0.0662929090711947	0.39935725893148355	0.16665524662993855	0.21624598310114618	0.21774151133743172	0.0	0.22841054833823607	0.048647909347101434	21.38213965129782
643000	-9274.07125859922	-9294.181211714882	20.109953115661458	-9294.181211714882	0.09627845471971608	0.46660426418461665	0.1352685553603429	0.7214242052158527	0.0721010428766951	0.10360280710355713	0.0662929090711947	0.39935725893148355	0.16665524662993855	0.21624598310114618	0.21774151133743172	0.0	0.22841054833823607	0.05677673996176777	20.121843121316367
644000	-9275.085355688823	-9296.726323205734	21.640967516910234	-9296.726323205734	0.09334976006485213	0.45173933359337964	0.1352685553603429	0.7214242052158527	0.0721010428766951	0.10360280710355713	0.0662929090711947	0.39935725893148355	0.16665524662993855	0.21624598310114618	0.21774151133743172	0.0	0.22841054833823607	0.08216956958001777	22.02251582218939
645000	-9273.392745985033	-9295.699913986999	22.307168001965245	-9295.699913986999	0.09235432599336148	0.4465528185058845	0.1352685553603429	0.7214242052158527	0.0721010428766951	0.06566552667525052	0.04542516918921583	0.39935725893148355	0.16665524662993855	0.21624598310114618	0.21774151133743172	0.0	0.22841054833823607	0.05806207043631399	21.54325679113708
646000	-9269.660673077	-9290.840912495456	21.180239418455535	-9290.840912495456	0.09247544952348641	0.4555815541958165	0.1352685553603429	0.7214242052158527	0.0721010428766951	0.06566552667525052	0.04542516918921583	0.39935725893148355	0.16665524662993855	0.21624598310114618	0.21774151133743172	0.0	0.22841054833823607	0.09917510281869907	20.951702592518778
647000	-9273.323519960317	-9295.530438133377	22.206918173060572	-9295.530438133377	0.09592575077956081	0.44839768753177667	0.1352685553603429	0.7214242052158527	0.0721010428766951	0.06566552667525052	0.04542516918921583	0.39935725893148355	0.16665524662993855	0.21624598310114618	0.21774151133743172	0.0	0.22841054833823607	0.07073781483844414	21.640474637242303
648000	-9271.936219151788	-9293.958012118619	22.021792966830752	-9293.958012118619	0.09053962751008876	0.4367822736155458	0.1352685553603429	0.7214242052158527	0.0721010428766951	0.06566552667525052	0.09518498376086446	0.39935725893148355	0.16665524662993855	0.21624598310114618	0.21774151133743172	0.0	0.22841054833823607	0.05607277765922378	21.93076363130146
649000	-9273.293042520432	-9294.639545012313	21.346502491879875	-9294.639545012313	0.09196410797834115	0.435623903821678	0.1352685553603429	0.7214242052158527	0.0721010428766951	0.06566552667525052	0.09518498376086446	0.39935725893148355	0.16665524662993855	0.21624598310114618	0.21774151133743172	0.0	0.22841054833823607	0.05353698296577485	21.20919539378133
650000	-9269.971386411198	-9291.436426756274	21.465040345075117	-9291.436426756274	0.09389046538005501	0.45457443083514615	0.1352685553603429	0.7214242052158527	0.0721010428766951	0.06566552667525052	0.09518498376086446	0.39935725893148355	0.16665524662993855	0.21624598310114618	0.21774151133743172	0.0	0.22841054833823607	0.07626653948361961	21.681594864729878
651000	-9270.66165959526	-9291.181751421682	20.520091826421684	-9291.181751421682	0.1003853429813773	0.4747926053298023	0.1352685553603429	0.7214242052158527	0.0721010428766951	0.06566552667525052	0.09518498376086446	0.39935725893148355	0.16665524662993855	0.21624598310114618	0.21774151133743172	0.0	0.22841054833823607	0.060570843380230305	20.50622568780471
652000	-9274.188328048964	-9297.22143462248	23.033106573515905	-9297.22143462248	0.09149735826612984	0.4378431174230335	0.1352685553603429	0.7214242052158527	0.04846502713232343	0.06566552667525052	0.04965132185939448	0.39935725893148355	0.16665524662993855	0.21624598310114618	0.21774151133743172	0.0	0.22841054833823607	0.08238266565861806	22.324262788103173
653000	-9280.842289248912	-9301.979139396299	21.13685014738613	-9301.979139396299	0.08789712982392643	0.42489985699137583	0.1352685553603429	0.7214242052158527	0.04846502713232343	0.13612330266574516	0.04965132185939448	0.3867683497590088	0.17924415580241326	0.21624598310114618	0.21774151133743172	0.0	0.22841054833823607	0.04374812054776097	20.37229006556246
654000	-9282.76192308515	-9302.383001370523	19.621078285372725	-9302.383001370523	0.08399113834596954	0.4122187390258297	0.1352685553603429	0.7214242052158527	0.07572060288183652	0.13612330266574516	0.09867338590989842	0.3867683497590088	0.17924415580241326	0.21624598310114618	0.21774151133743172	0.0	0.22841054833823607	0.12615314469139943	20.999542103601254
655000	-9287.436533997161	-9308.334211617792	20.897677620631075	-9308.334211617792	0.08059714558393116	0.40911933006536483	0.1352685553603429	0.8689855655702167	0.07572060288183652	0.13612330266574516	0.09867338590989842	0.3867683497590088	0.17924415580241326	0.21624598310114618	0.21774151133743172	0.0	0.22841054833823607	0.0568367533707829	21.663000320796932
656000	-9279.577155958254	-9299.912073727402	20.334917769148856	-9299.912073727402	0.09149770844706344	0.44324356808658255	0.1352685553603429	0.8689855655702167	0.07572060288183652	0.13612330266574516	0.09867338590989842	0.3867683497590088	0.17924415580241326	0.21624598310114618	0.21774151133743172	0.0	0.22841054833823607	0.08621496255780192	21.5169010286211
657000	-9276.173199086217	-9296.905961417227	20.732762331010008	-9296.905961417227	0.08762431432791681	0.43181261433685675	0.1352685553603429	0.8689855655702167	0.07572060288183652	0.08364858870742381	0.09867338590989842	0.3867683497590088	0.17924415580241326	0.21624598310114618	0.21774151133743172	0.0	0.22841054833823607	0.10114070844521134	21.60657734862141
658000	-9273.616458196524	-9295.113356051064	21.496897854540066	-9295.113356051064	0.08717021802255315	0.42472406038310195	0.1352685553603429	0.8689855655702167	0.07572060288183652	0.08364858870742381	0.09867338590989842	0.3867683497590088	0.17924415580241326	0.21624598310114618	0.21774151133743172	0.0	0.22841054833823607	0.08456259728199532	22.19169222827015
659000	-9274.38044764931	-9296.260768126682	21.880320477371416	-9296.260768126682	0.08408918620644854	0.42423968495917386	0.1352685553603429	0.8689855655702167	0.07572060288183652	0.08364858870742381	0.09867338590989842	0.3867683497590088	0.18688910704190245	0.21624598310114618	0.21009656009794253	0.0	0.22841054833823607	0.0669705593326956	22.32380042844938
660000	-9275.844532994384	-9296.474105896823	20.62957290243902	-9296.474105896823	0.09914837013204213	0.46717725348325245	0.1734984022033696	0.8689855655702167	0.07572060288183652	0.08364858870742381	0.09867338590989842	0.3867683497590088	0.18688910704190245	0.21624598310114618	0.21009656009794253	0.0	0.22841054833823607	0.0624111717134585	21.242827995880024
661000	-9273.327131078397	-9294.134154218902	20.80702314050625	-9294.134154218902	0.0923786887769794	0.4516919925329563	0.1734984022033696	0.8689855655702167	0.07572060288183652	0.08364858870742381	0.09867338590989842	0.3867683497590088	0.18688910704190245	0.21624598310114618	0.21009656009794253	0.0	0.22841054833823607	0.08288041043465812	21.70393267138153
662000	-9275.357886836267	-9298.579535984092	23.221649147825474	-9298.579535984092	0.0892200342648081	0.4105956814992024	0.1734984022033696	0.8689855655702167	0.07572060288183652	0.08364858870742381	0.06748887443909729	0.3867683497590088	0.18688910704190245	0.21624598310114618	0.21009656009794253	0.0	0.22841054833823607	0.0715037497462682	23.60693151175182
663000	-9275.104053945253	-9295.36204230077	20.25798835551727	-9295.36204230077	0.08424019847561103	0.426557077253503	0.1734984022033696	0.8689855655702167	0.07572060288183652	0.08364858870742381	0.08564425023000882	0.3867683497590088	0.18688910704190245	0.21624598310114618	0.21009656009794253	0.0	0.22841054833823607	0.10924311940056407	21.295239580203237
664000	-9274.107837703716	-9296.470358220504	22.362520516789054	-9296.470358220504	0.0843094454802888	0.40696132515459005	0.1734984022033696	0.8689855655702167	0.07572060288183652	0.08364858870742381	0.08564425023000882	0.3867683497590088	0.18688910704190245	0.21624598310114618	0.21009656009794253	0.0	0.20680436514467157	0.05960192127158891	22.77227751625652
665000	-9277.703692854551	-9298.138835096976	20.435142242423844	-9298.138835096976	0.09242156013745358	0.44677716136166956	0.1734984022033696	0.8689855655702167	0.07572060288183652	0.08364858870742381	0.08564425023000882	0.3867683497590088	0.18688910704190245	0.21624598310114618	0.21009656009794253	0.0	0.20680436514467157	0.10095525665850391	21.371888847544213
666000	-9271.463319642296	-9294.116991054258	22.653671411961195	-9294.116991054258	0.0890963800284338	0.42642029613901944	0.1734984022033696	0.8689855655702167	0.07572060288183652	0.03879618441145447	0.08564425023000882	0.3867683497590088	0.18688910704190245	0.21624598310114618	0.21009656009794253	0.0	0.20680436514467157	0.07167330454492683	22.513486196766483
667000	-9276.988747784615	-9297.896672349387	20.90792456477085	-9297.896672349387	0.09231768861883699	0.45742057153913385	0.1734984022033696	0.8689855655702167	0.07572060288183652	0.03879618441145447	0.08564425023000882	0.3955118811275975	0.1781455756733138	0.21624598310114618	0.21009656009794253	0.0	0.20680436514467157	0.06322678398441302	20.719027442708533
668000	-9273.301284279252	-9295.625802490977	22.324518211724296	-9295.625802490977	0.0950015670608717	0.44773309952439333	0.1734984022033696	0.8689855655702167	0.07572060288183652	0.03879618441145447	0.08564425023000882	0.3955118811275975	0.1781455756733138	0.21624598310114618	0.21009656009794253	0.0	0.20680436514467157	0.07172430130316558	22.261722701554937
669000	-9284.555415102554	-9304.613477078847	20.058061976292354	-9304.613477078847	0.10234883127596696	0.47495235043274253	0.1734984022033696	0.8689855655702167	0.07572060288183652	0.03879618441145447	0.08564425023000882	0.40805332474312284	0.1781455756733138	0.20370453948562087	0.21009656009794253	0.0	0.20680436514467157	0.11052104311669317	20.51322956195839
670000	-9284.504589422371	-9307.742938274201	23.238348851829134	-9307.742938274201	0.08827473937342062	0.4206211242772906	0.12791938393744628	0.8689855655702167	0.07572060288183652	0.03879618441145447	0.08564425023000882	0.40805332474312284	0.1781455756733138	0.20370453948562087	0.21009656009794253	0.0	0.20680436514467157	0.07435979261957618	23.00313824062949
671000	-9283.549181238064	-9303.050066998774	19.500885760710695	-9303.050066998774	0.08845904344481179	0.43087036722927907	0.12791938393744628	0.8689855655702167	0.07572060288183652	0.03879618441145447	0.08564425023000882	0.40805332474312284	0.1781455756733138	0.20370453948562087	0.21009656009794253	0.0	0.20680436514467157	0.03856949903255594	18.60922155914226
672000	-9269.376274194488	-9293.115801003854	23.739526809365547	-9293.115801003854	0.08572027802510519	0.41319475640355147	0.12791938393744628	0.6689508773767804	0.07572060288183652	0.03879618441145447	0.08564425023000882	0.3950330682211138	0.16497059778141554	0.2298997738995282	0.21009656009794253	0.0	0.20680436514467157	0.0650705327717578	23.077203818906447
673000	-9276.417925584714	-9299.348231040527	22.930305455813656	-9299.348231040527	0.08385783065502095	0.4177402660451185	0.12791938393744628	0.6689508773767804	0.07572060288183652	0.03879618441145447	0.06057832007432781	0.3950330682211138	0.16497059778141554	0.2298997738995282	0.21009656009794253	0.0	0.20680436514467157	0.08841260439152723	22.243066848136895
674000	-9284.36491170105	-9297.279949755699	12.915038054648702	-9297.279949755699	0.0828812244004836	0.41489010057855547	0.12791938393744628	0.6689508773767804	0.07572060288183652	0.03879618441145447	0.06057832007432781	0.3950330682211138	0.16497059778141554	0.2298997738995282	0.21009656009794253	0.0	0.20680436514467157	0.2998281672323173	13.448994438543014
675000	-9269.874308636408	-9293.026140677377	23.151832040968845	-9293.026140677377	0.08761656842393814	0.4237708098241941	0.12791938393744628	0.6689508773767804	0.07572060288183652	0.03879618441145447	0.06057832007432781	0.3950330682211138	0.16497059778141554	0.2298997738995282	0.21009656009794253	0.0	0.20680436514467157	0.09199156841635052	22.504275815398778
676000	-9271.721465731465	-9294.629228046186	22.90776231471964	-9294.629228046186	0.08986943978649496	0.42837419081170786	0.12791938393744628	0.6689508773767804	0.07572060288183652	0.03879618441145447	0.06057832007432781	0.3950330682211138	0.16497059778141554	0.2298997738995282	0.21009656009794253	0.0	0.20680436514467157	0.051833383636252846	21.686543577373836
677000	-9276.943838848858	-9296.821041563415	19.877202714557264	-9296.821041563415	0.08588115009370094	0.4096328778395238	0.12791938393744628	0.6689508773767804	0.07572060288183652	0.03879618441145447	0.08159896430789092	0.3950330682211138	0.16497059778141554	0.2298997738995282	0.21009656009794253	0.0	0.20680436514467157	0.15076627053191216	20.00876790886702
678000	-9275.306968052495	-9297.989094287674	22.682126235178917	-9297.989094287674	0.0893265487328978	0.4350423434128966	0.12791938393744628	0.6689508773767804	0.07572060288183652	0.03879618441145447	0.08159896430789092	0.3950330682211138	0.16497059778141554	0.2298997738995282	0.21009656009794253	0.0	0.20680436514467157	0.07429149052193143	22.105957085668756
679000	-9273.40952863708	-9296.671880764063	23.262352126984045	-9296.671880764063	0.08710048102403624	0.4218771951751197	0.12791938393744628	0.6689508773767804	0.07572060288183652	0.03879618441145447	0.06697951310839063	0.3950330682211138	0.16497059778141554	0.2298997738995282	0.21009656009794253	0.0	0.21180800191654345	0.06643659286004204	22.3904179716956
680000	-9270.865806537868	-9293.1343842165	22.268577678633747	-9293.1343842165	0.09432323564193229	0.457773904092068	0.12791938393744628	0.6689508773767804	0.07572060288183652	0.03879618441145447	0.06697951310839063	0.3950330682211138	0.16497059778141554	0.2298997738995282	0.21009656009794253	0.0	0.21180800191654345	0.07421739075333017	21.507394020812384
681000	-9268.500057103722	-9291.980022347298	23.479965243576515	-9291.980022347298	0.08828106101934383	0.42564032247026445	0.12791938393744628	0.6689508773767804	0.07572060288183652	0.03879618441145447	0.06697951310839063	0.3950330682211138	0.16497059778141554	0.2298997738995282	0.21009656009794253	0.0	0.21180800191654345	0.07756519995647125	22.762901958748582
682000	-9273.121852288461	-9295.665173046194	22.543320757732598	-9295.665173046194	0.08900238374748412	0.4246784270207195	0.12791938393744628	0.6689508773767804	0.07572060288183652	0.05906009019067488	0.10622864548779572	0.4044120552260538	0.16497059778141554	0.2298997738995282	0.20071757309300253	0.0	0.21180800191654345	0.06311605020280797	22.530044301681066
683000	-9275.154705980602	-9298.082419878458	22.92771389785663	-9298.082419878458	0.08125188417469653	0.3935939601098507	0.12791938393744628	0.6689508773767804	0.07572060288183652	0.05906009019067488	0.10622864548779572	0.4044120552260538	0.16497059778141554	0.2298997738995282	0.20071757309300253	0.0	0.21180800191654345	0.04696340018132566	22.618830922030813
684000	-9272.74407169545	-9294.762746738123	22.018675042673063	-9294.762746738123	0.093676097583594	0.4350635598551716	0.12791938393744628	0.6689508773767804	0.07572060288183652	0.05906009019067488	0.10622864548779572	0.4044120552260538	0.16497059778141554	0.2298997738995282	0.20071757309300253	0.0	0.21180800191654345	0.08064278956900661	22.25045288463738
685000	-9279.455915202794	-9300.116592660701	20.66067745790652	-9300.116592660701	0.08918316204833322	0.4458424679147476	0.12791938393744628	0.6689508773767804	0.07572060288183652	0.05906009019067488	0.10622864548779572	0.4044120552260538	0.16497059778141554	0.2298997738995282	0.20071757309300253	0.0	0.21180800191654345	0.1052985740114822	21.15922578017354
686000	-9271.190804937793	-9294.01688288498	22.826077947188075	-9294.01688288498	0.09061642576461928	0.42358889478592054	0.12791938393744628	0.6689508773767804	0.07572060288183652	0.05906009019067488	0.10622864548779572	0.4044120552260538	0.16497059778141554	0.2298997738995282	0.20071757309300253	0.0	0.21180800191654345	0.07072480227239056	22.92662271401733
687000	-9277.837129918913	-9299.592672335582	21.755542416669893	-9299.592672335582	0.08563545842682589	0.42936709031495457	0.12791938393744628	0.7774174314094012	0.07572060288183652	0.05906009019067488	0.10622864548779572	0.4044120552260538	0.16497059778141554	0.2298997738995282	0.20071757309300253	0.0	0.21180800191654345	0.07481317968358156	22.060461728038202
688000	-9277.195140612532	-9297.41092575481	20.21578514227723	-9297.41092575481	0.10094146201474011	0.4697757287911834	0.12791938393744628	0.7774174314094012	0.07572060288183652	0.05906009019067488	0.10622864548779572	0.4044120552260538	0.16497059778141554	0.2298997738995282	0.20071757309300253	0.0	0.21180800191654345	0.05430243168299276	20.20027939352071
689000	-9271.884991340647	-9293.320266023533	21.435274682887016	-9293.320266023533	0.09136201392922899	0.4350797333752818	0.12791938393744628	0.7774174314094012	0.07572060288183652	0.05906009019067488	0.10622864548779572	0.39078263804393587	0.16497059778141554	0.2298997738995282	0.21434699027512044	0.0	0.21180800191654345	0.05247183292484361	21.291232826464405
690000	-9271.601179402141	-9293.232255024966	21.63107562282552	-9293.232255024966	0.08776328577112316	0.43199742106511285	0.12791938393744628	0.7774174314094012	0.07572060288183652	0.10040383748223541	0.10622864548779572	0.39078263804393587	0.16497059778141554	0.2298997738995282	0.21434699027512044	0.0	0.21180800191654345	0.0753793110607685	22.357537253268095
691000	-9272.415100857499	-9292.266003559038	19.850902701538956	-9292.266003559038	0.10319161041905987	0.4937723286992025	0.12791938393744628	0.7774174314094012	0.07572060288183652	0.10040383748223541	0.06583090412993006	0.39078263804393587	0.16497059778141554	0.2298997738995282	0.21434699027512044	0.0	0.21180800191654345	0.09929481401242438	20.394305865984045
692000	-9268.987962430232	-9290.491664669484	21.50370223925154	-9290.491664669484	0.0922444458961671	0.43749420406583756	0.12791938393744628	0.7774174314094012	0.07572060288183652	0.10040383748223541	0.06583090412993006	0.39078263804393587	0.16497059778141554	0.2298997738995282	0.21434699027512044	0.0	0.21180800191654345	0.09070151464120814	21.956586115906937
693000	-9271.872184712349	-9292.871502734697	20.999318022348767	-9292.871502734697	0.0931219594665591	0.440389958086919	0.12791938393744628	0.7774174314094012	0.07572060288183652	0.10040383748223541	0.06583090412993006	0.39078263804393587	0.16497059778141554	0.21802350458157224	0.2262232595930764	0.0	0.21180800191654345	0.10348178029865994	21.581366417890248
694000	-9278.24948020779	-9300.45032419304	22.200843985249236	-9300.45032419304	0.09027049344974011	0.4480635080163326	0.12791938393744628	0.7774174314094012	0.07572060288183652	0.10040383748223541	0.033355577596776854	0.39078263804393587	0.16497059778141554	0.21802350458157224	0.2262232595930764	0.0	0.21180800191654345	0.07399387087158542	21.798360377015094
695000	-9276.68705920673	-9299.187173630473	22.50011442374349	-9299.187173630473	0.09269090921581238	0.4367943216986696	0.12791938393744628	0.7774174314094012	0.07572060288183652	0.10040383748223541	0.033355577596776854	0.39078263804393587	0.16497059778141554	0.21802350458157224	0.2262232595930764	0.0	0.21180800191654345	0.07826747212142264	22.15378064218755
696000	-9290.142271205013	-9312.335404597481	22.193133392467487	-9312.335404597481	0.08593096389077141	0.4143667108610133	0.12791938393744628	0.7774174314094012	0.07572060288183652	0.10040383748223541	0.033355577596776854	0.39078263804393587	0.16497059778141554	0.21802350458157224	0.2262232595930764	0.0	0.21180800191654345	0.048780035525699275	21.37398864159072
697000	-9274.556102219794	-9296.917242824402	22.361140604606767	-9296.917242824402	0.08903217551352056	0.43688049185952493	0.12791938393744628	0.7774174314094012	0.07572060288183652	0.10040383748223541	0.033355577596776854	0.39078263804393587	0.16497059778141554	0.21802350458157224	0.2262232595930764	0.0	0.21180800191654345	0.0867686522976718	22.11792014045047
698000	-9272.427048492726	-9294.608947923196	22.18189943046985	-9294.608947923196	0.08072288442633774	0.40971541896366637	0.12791938393744628	0.7774174314094012	0.07572060288183652	0.10040383748223541	0.06481494159656835	0.39078263804393587	0.16497059778141554	0.21802350458157224	0.2262232595930764	0.0	0.21180800191654345	0.07577804789554772	22.437483736624273
699000	-9270.842277320759	-9292.612894103911	21.770616783152942	-9292.612894103911	0.09286371511632388	0.4494311992121598	0.12791938393744628	0.7774174314094012	0.07572060288183652	0.10040383748223541	0.06481494159656835	0.39078263804393587	0.16497059778141554	0.21802350458157224	0.2262232595930764	0.0	0.21180800191654345	0.07444189878047462	22.008411383180427
700000	-9278.786055354914	-9298.319828016376	19.53377266146209	-9298.319828016376	0.11131546734967845	0.5170072294432783	0.12791938393744628	0.7774174314094012	0.07572060288183652	0.10040383748223541	0.06481494159656835	0.39078263804393587	0.16497059778141554	0.21802350458157224	0.2262232595930764	0.0	0.21180800191654345	0.06412446572487931	19.62237429419209
701000	-9271.901651230117	-9293.755280516267	21.85362928615024	-9293.755280516267	0.09009889904540318	0.4385752792542217	0.12791938393744628	0.7774174314094012	0.07572060288183652	0.10040383748223541	0.06481494159656835	0.39078263804393587	0.16497059778141554	0.21802350458157224	0.2262232595930764	0.0	0.21180800191654345	0.0803470822412613	22.167760725609597
702000	-9273.909169933715	-9295.091711948457	21.182542014741767	-9295.091711948457	0.09199969427033848	0.4475917559550634	0.12791938393744628	0.6366968163236453	0.0640844542065848	0.10040383748223541	0.06481494159656835	0.39078263804393587	0.16497059778141554	0.21802350458157224	0.2262232595930764	0.0	0.21180800191654345	0.09723484209185534	21.331041419739908
703000	-9278.952879361279	-9300.830996945717	21.87811758443712	-9300.830996945717	0.08339683691785497	0.4045147330325748	0.10939178084875142	0.6366968163236453	0.0640844542065848	0.10040383748223541	0.06481494159656835	0.39078263804393587	0.16497059778141554	0.21802350458157224	0.2262232595930764	0.0	0.21180800191654345	0.10316229535282528	21.93529728536824
704000	-9270.594595894596	-9293.328878518907	22.73428262431154	-9293.328878518907	0.08475937826160757	0.4197730481554986	0.1430054763298609	0.6366968163236453	0.0640844542065848	0.10040383748223541	0.06481494159656835	0.39078263804393587	0.16497059778141554	0.21802350458157224	0.2262232595930764	0.0	0.21180800191654345	0.06808109594258156	22.633769654950605
705000	-9274.551335796506	-9293.605356059328	19.054020262821755	-9293.605356059328	0.09482800171808059	0.439966227387479	0.1430054763298609	0.8196559344874345	0.0640844542065848	0.10040383748223541	0.06481494159656835	0.39078263804393587	0.16497059778141554	0.21802350458157224	0.2262232595930764	0.0	0.21180800191654345	0.14547634100283327	19.961930655681655
706000	-9272.89130245287	-9294.355327167792	21.46402471492198	-9294.355327167792	0.09030761305961933	0.43418998441547324	0.1430054763298609	0.8196559344874345	0.0640844542065848	0.10040383748223541	0.06481494159656835	0.40411512727057614	0.16497059778141554	0.21802350458157224	0.21289077036643614	0.0	0.21180800191654345	0.05482061996013677	21.47757259974205
707000	-9271.417566328957	-9291.547901920665	20.130335591708235	-9291.547901920665	0.09723563524375613	0.4792810515890691	0.1430054763298609	0.8196559344874345	0.0640844542065848	0.10040383748223541	0.06481494159656835	0.40411512727057614	0.16497059778141554	0.21802350458157224	0.21289077036643614	0.0	0.21180800191654345	0.09673874740249533	20.71183109593228
708000	-9276.353842977416	-9298.167519873408	21.813676895991684	-9298.167519873408	0.08242808024380038	0.41459142814554784	0.1430054763298609	0.8196559344874345	0.0640844542065848	0.10040383748223541	0.06481494159656835	0.40411512727057614	0.16497059778141554	0.21802350458157224	0.21289077036643614	0.0	0.21180800191654345	0.08223965781259793	22.232796021846422
709000	-9276.299553502473	-9297.27869970726	20.979146204787384	-9297.27869970726	0.08344558717869881	0.4073338837412516	0.18177636141236725	0.8196559344874345	0.0640844542065848	0.10040383748223541	0.06481494159656835	0.40411512727057614	0.16497059778141554	0.21802350458157224	0.21289077036643614	0.0	0.21180800191654345	0.10929209825248282	21.914428388127966
710000	-9281.45464431279	-9302.085787685188	20.63114337239937	-9302.085787685188	0.09019304450473159	0.4419264919833248	0.18177636141236725	0.8196559344874345	0.0640844542065848	0.10040383748223541	0.06481494159656835	0.40411512727057614	0.16497059778141554	0.21802350458157224	0.21289077036643614	0.0	0.21180800191654345	0.06170376562784609	20.994746417587137
711000	-9270.933943176222	-9292.620563318866	21.686620142642944	-9292.620563318866	0.09025806899205144	0.43472411669878336	0.13879082519957628	0.8196559344874345	0.0640844542065848	0.10040383748223541	0.06481494159656835	0.40411512727057614	0.16497059778141554	0.21802350458157224	0.21289077036643614	0.0	0.21180800191654345	0.05911314506015391	21.746714251357975
712000	-9272.51693498389	-9294.495428502254	21.97849351836331	-9294.495428502254	0.091586305427935	0.43291955056636355	0.13879082519957628	0.8196559344874345	0.0640844542065848	0.10040383748223541	0.06481494159656835	0.40411512727057614	0.16497059778141554	0.21802350458157224	0.21289077036643614	0.0	0.21180800191654345	0.051572337005081736	21.902119730931926
713000	-9273.180114428224	-9293.480423827801	20.300309399576754	-9293.480423827801	0.09793496525302042	0.46671908229339754	0.13879082519957628	0.8196559344874345	0.0640844542065848	0.10040383748223541	0.06481494159656835	0.40411512727057614	0.16497059778141554	0.21802350458157224	0.21289077036643614	0.0	0.21180800191654345	0.09635339291593946	20.848972796694532
714000	-9273.301364237199	-9295.068115140324	21.766750903125867	-9295.068115140324	0.08733828524483143	0.4296606534946114	0.13879082519957628	0.8196559344874345	0.0640844542065848	0.10040383748223541	0.06481494159656835	0.40411512727057614	0.16497059778141554	0.21802350458157224	0.21289077036643614	0.0	0.21180800191654345	0.055579542089985876	21.765206877040285
715000	-9274.819285492618	-9294.599944800833	19.780659308214485	-9294.599944800833	0.0941589956819974	0.4704281985447992	0.13879082519957628	0.8196559344874345	0.0640844542065848	0.10040383748223541	0.06481494159656835	0.40411512727057614	0.16497059778141554	0.21802350458157224	0.21289077036643614	0.0	0.21180800191654345	0.058972358453324214	19.838368929937506
716000	-9271.711930452337	-9293.258180064044	21.546249611707225	-9293.258180064044	0.09341334459880153	0.44035935861971964	0.13879082519957628	0.8196559344874345	0.0640844542065848	0.10040383748223541	0.06481494159656835	0.40411512727057614	0.16497059778141554	0.21802350458157224	0.21289077036643614	0.0	0.21180800191654345	0.0930793231148387	22.06034246642456
717000	-9272.581156305108	-9294.464775930826	21.88361962571712	-9294.464775930826	0.08453465930909326	0.4187961910822163	0.13879082519957628	0.8196559344874345	0.0640844542065848	0.10040383748223541	0.06481494159656835	0.40411512727057614	0.16497059778141554	0.21802350458157224	0.21289077036643614	0.0	0.21180800191654345	0.08803576948228814	22.34200361738705
718000	-9277.115119239916	-9298.521505967577	21.40638672766263	-9298.521505967577	0.09662130295578661	0.4625459149318454	0.13879082519957628	0.8196559344874345	0.0640844542065848	0.10040383748223541	0.049643321429853456	0.40411512727057614	0.16497059778141554	0.21802350458157224	0.21289077036643614	0.0	0.21180800191654345	0.06626744610054895	21.325870447504172
719000	-9272.328628481358	-9294.720498105833	22.391869624473962	-9294.720498105833	0.08724365742299071	0.4176900772297697	0.13879082519957628	0.8196559344874345	0.0640844542065848	0.10040383748223541	0.049643321429853456	0.3910074421220877	0.16497059778141554	0.21802350458157224	0.22599845551492456	0.0	0.21180800191654345	0.04864267017725777	21.921828508362623
720000	-9276.80422229027	-9297.27570813006	20.471485839790265	-9297.27570813006	0.08713831462992572	0.44057504884066895	0.13879082519957628	0.8196559344874345	0.09486023898667134	0.10040383748223541	0.049643321429853456	0.3910074421220877	0.16497059778141554	0.21802350458157224	0.22599845551492456	0.0	0.21180800191654345	0.052132454611881346	20.44640154120448
721000	-9271.977655025148	-9293.773582394659	21.795927369509858	-9293.773582394659	0.08737525740670475	0.4173271553893064	0.13879082519957628	0.8196559344874345	0.09486023898667134	0.10040383748223541	0.08618849710904491	0.3910074421220877	0.16497059778141554	0.21802350458157224	0.22599845551492456	0.0	0.21180800191654345	0.08678174013166064	22.80819535015073
722000	-9278.578321388582	-9300.018485568993	21.44016418041135	-9300.018485568993	0.08536169769508714	0.4053289687340421	0.13879082519957628	0.8196559344874345	0.08517287243405494	0.10040383748223541	0.08618849710904491	0.3910074421220877	0.16497059778141554	0.21802350458157224	0.22599845551492456	0.0	0.21180800191654345	0.10116007934782421	22.502435825621436
723000	-9275.477726498018	-9295.528244182624	20.05051768460479	-9295.528244182624	0.0950290040366057	0.4610441475358288	0.1914329074360139	0.8196559344874345	0.08517287243405494	0.10040383748223541	0.08618849710904491	0.3910074421220877	0.16497059778141554	0.21802350458157224	0.22599845551492456	0.0	0.21180800191654345	0.06455031531930731	20.97428531095107
724000	-9273.165250022132	-9294.024978785834	20.859728763701288	-9294.024978785834	0.09490975896561832	0.45345840852446345	0.1914329074360139	0.8196559344874345	0.061122768360346046	0.10040383748223541	0.08618849710904491	0.3910074421220877	0.16497059778141554	0.21802350458157224	0.22599845551492456	0.0	0.21180800191654345	0.07914945784832508	21.66977569465605
725000	-9276.737691075808	-9295.099138806218	18.36144773040982	-9295.099138806218	0.09336666824183516	0.46139488975050114	0.1914329074360139	0.8196559344874345	0.061122768360346046	0.10040383748223541	0.08618849710904491	0.3910074421220877	0.16497059778141554	0.21802350458157224	0.22599845551492456	0.0	0.21180800191654345	0.13291355415753378	19.689855672894893
726000	-9276.691968488916	-9296.834454529622	20.142486040705975	-9296.834454529622	0.0918714238967863	0.43593256086717214	0.1914329074360139	0.8196559344874345	0.061122768360346046	0.10040383748223541	0.08618849710904491	0.3910074421220877	0.16497059778141554	0.21802350458157224	0.22599845551492456	0.0	0.21180800191654345	0.1138454054623629	21.316036470664507
727000	-9275.682736372482	-9295.878524488027	20.19578811554454	-9295.878524488027	0.09781462822792233	0.476985878473604	0.1914329074360139	0.8196559344874345	0.061122768360346046	0.10040383748223541	0.08618849710904491	0.3910074421220877	0.16497059778141554	0.21802350458157224	0.22599845551492456	0.0	0.21180800191654345	0.07616560313593958	20.96740706823383
728000	-9275.275038646798	-9296.727357376045	21.452318729247327	-9296.727357376045	0.08124000256700778	0.418467845849834	0.1914329074360139	0.8196559344874345	0.061122768360346046	0.10040383748223541	0.08618849710904491	0.3910074421220877	0.16497059778141554	0.21802350458157224	0.22599845551492456	0.0	0.21180800191654345	0.07587346617872719	22.220094757640197
729000	-9275.845106510444	-9297.701868221564	21.85676171112051	-9297.701868221564	0.09524544141615116	0.43942972579027667	0.1914329074360139	0.8196559344874345	0.061122768360346046	0.10040383748223541	0.08618849710904491	0.3910074421220877	0.16497059778141554	0.21802350458157224	0.22599845551492456	0.0	0.21180800191654345	0.06307870254303585	22.439853898892395
730000	-9278.424923451365	-9298.119909850517	19.694986399151333	-9298.119909850517	0.0909805244058211	0.4341066502515346	0.1914329074360139	0.8196559344874345	0.061122768360346046	0.10040383748223541	0.08618849710904491	0.3910074421220877	0.16497059778141554	0.21802350458157224	0.22599845551492456	0.0	0.21180800191654345	0.12017094496391434	20.922610663927784
731000	-9277.836627680172	-9299.111016327619	21.274388647448006	-9299.111016327619	0.0975014008215952	0.455061446780038	0.1914329074360139	0.8196559344874345	0.061122768360346046	0.10040383748223541	0.08618849710904491	0.3910074421220877	0.16497059778141554	0.21802350458157224	0.22599845551492456	0.0	0.21180800191654345	0.08580127920288597	22.165131557280247
732000	-9272.62115723509	-9293.781938077074	21.160780841984447	-9293.781938077074	0.09115450380423039	0.43750388473210816	0.1914329074360139	0.8196559344874345	0.061122768360346046	0.10040383748223541	0.08618849710904491	0.3910074421220877	0.16497059778141554	0.21802350458157224	0.22599845551492456	0.0	0.21180800191654345	0.06503961125743224	21.77448632455431
733000	-9274.301943931589	-9296.798519239408	22.496575307819715	-9296.798519239408	0.08945031058608421	0.41988113960524354	0.1914329074360139	0.8196559344874345	0.061122768360346046	0.10040383748223541	0.08618849710904491	0.3910074421220877	0.16497059778141554	0.21802350458157224	0.22599845551492456	0.0	0.21180800191654345	0.0775204171041859	23.285825650313623
734000	-9279.164180837819	-9296.69057603172	17.526395193901553	-9296.69057603172	0.09352693307833386	0.45177617512557583	0.1914329074360139	0.8196559344874345	0.061122768360346046	0.10040383748223541	0.08618849710904491	0.3910074421220877	0.16497059778141554	0.21802350458157224	0.22599845551492456	0.0	0.21180800191654345	0.1547268364760422	19.006765405072407
735000	-9278.387191248084	-9296.896572122949	18.50938087486453	-9296.896572122949	0.0893823774616729	0.4461334860007125	0.1914329074360139	0.8196559344874345	0.061122768360346046	0.10040383748223541	0.08618849710904491	0.3910074421220877	0.16497059778141554	0.21802350458157224	0.22599845551492456	0.0	0.21180800191654345	0.14003386358283146	19.889974145284352
736000	-9272.560426405142	-9293.357678063332	20.797251658190735	-9293.357678063332	0.08905701383036332	0.42855356600371475	0.1914329074360139	0.8196559344874345	0.061122768360346046	0.10040383748223541	0.08618849710904491	0.3910074421220877	0.16497059778141554	0.21802350458157224	0.22599845551492456	0.0	0.21180800191654345	0.04983906128546007	21.144759692256084
737000	-9278.12535619724	-9297.261592069084	19.136235871844054	-9297.261592069084	0.09093816266089946	0.44999594755614686	0.1914329074360139	0.8196559344874345	0.061122768360346046	0.10040383748223541	0.07321473062482158	0.3910074421220877	0.16497059778141554	0.21802350458157224	0.22599845551492456	0.0	0.21180800191654345	0.12460188167621827	20.243788115995677
738000	-9284.12641148657	-9302.878242956389	18.751831469819518	-9302.878242956389	0.08892513780399598	0.43832847024545035	0.1914329074360139	0.8196559344874345	0.061122768360346046	0.10040383748223541	0.07321473062482158	0.3910074421220877	0.18310315875024782	0.21802350458157224	0.20786589454609228	0.0	0.21180800191654345	0.13793601455213034	19.899107693836164
739000	-9279.142012181757	-9300.684700310658	21.542688128899723	-9300.684700310658	0.08612997670760889	0.4201832786279678	0.1914329074360139	0.8196559344874345	0.061122768360346046	0.10040383748223541	0.07321473062482158	0.3910074421220877	0.18310315875024782	0.21802350458157224	0.20786589454609228	0.0	0.21180800191654345	0.09663687410572161	22.334134825852697
740000	-9281.097701190762	-9303.880590074325	22.782888883562975	-9303.880590074325	0.08097513630559769	0.39240340226852977	0.1914329074360139	0.8196559344874345	0.061122768360346046	0.10040383748223541	0.07321473062482158	0.40817041533954657	0.16594018553278894	0.21802350458157224	0.20786589454609228	0.0	0.21180800191654345	0.0518490939966941	23.118105041306272
741000	-9274.66044014653	-9296.32545191984	21.665011773309082	-9296.32545191984	0.09207683324905494	0.436843447927652	0.1914329074360139	0.8196559344874345	0.061122768360346046	0.10040383748223541	0.07321473062482158	0.40817041533954657	0.16594018553278894	0.21802350458157224	0.20786589454609228	0.0	0.21180800191654345	0.07147703641442463	22.32126669915958
742000	-9273.960206797672	-9296.172333879624	22.21212708195094	-9296.172333879624	0.08538165844579623	0.41569881758136096	0.1914329074360139	0.8196559344874345	0.061122768360346046	0.10040383748223541	0.07321473062482158	0.40817041533954657	0.16594018553278894	0.21802350458157224	0.20786589454609228	0.0	0.21180800191654345	0.06137507003816262	22.716009505981678
743000	-9273.182331060594	-9293.520159255644	20.337828195050097	-9293.520159255644	0.09401498963820065	0.4564079932887709	0.1914329074360139	0.8196559344874345	0.061122768360346046	0.10040383748223541	0.07321473062482158	0.40817041533954657	0.16594018553278894	0.21802350458157224	0.20786589454609228	0.0	0.21180800191654345	0.09482870925472996	21.27677909546937
744000	-9272.321376322037	-9293.119031284608	20.797654962570324	-9293.119031284608	0.09138248875935345	0.43878243027804986	0.1914329074360139	0.8196559344874345	0.061122768360346046	0.10040383748223541	0.07321473062482158	0.40817041533954657	0.16594018553278894	0.21802350458157224	0.20786589454609228	0.0	0.21180800191654345	0.09657379730285837	21.754841114306576
745000	-9273.910910699096	-9294.902348296439	20.991437597341736	-9294.902348296439	0.09237487750340133	0.4486254081677358	0.1914329074360139	0.8196559344874345	0.061122768360346046	0.10040383748223541	0.07321473062482158	0.40817041533954657	0.16594018553278894	0.21802350458157224	0.20786589454609228	0.0	0.21180800191654345	0.08224921168069785	21.78807009927746
746000	-9275.097045707776	-9297.312484838809	22.21543913103271	-9297.312484838809	0.09038615309276149	0.416880161159115	0.1914329074360139	0.8196559344874345	0.061122768360346046	0.10040383748223541	0.07321473062482158	0.40817041533954657	0.16594018553278894	0.21802350458157224	0.20786589454609228	0.0	0.21180800191654345	0.05222568317124524	22.557892216461912
747000	-9279.018709492013	-9299.809751840721	20.791042348707947	-9299.809751840721	0.08512873764975262	0.41874847975885865	0.1914329074360139	0.8196559344874345	0.08701128642267845	0.10040383748223541	0.05632780028049592	0.40817041533954657	0.16594018553278894	0.21802350458157224	0.20786589454609228	0.0	0.21180800191654345	0.10321113067344627	21.901995622965373
748000	-9275.315104634543	-9296.593027919385	21.27792328484251	-9296.593027919385	0.09271280390586957	0.45328962208407564	0.1485789952517487	0.8196559344874345	0.08701128642267845	0.10040383748223541	0.05632780028049592	0.40817041533954657	0.16594018553278894	0.21802350458157224	0.20786589454609228	0.0	0.21180800191654345	0.0709426080195827	21.768936085791847
749000	-9280.295843267444	-9301.022158449598	20.72631518215269	-9301.022158449598	0.0923042354578337	0.45608437464694707	0.1485789952517487	0.8196559344874345	0.08701128642267845	0.10040383748223541	0.05632780028049592	0.40817041533954657	0.16594018553278894	0.21802350458157224	0.20786589454609228	0.0	0.21180800191654345	0.08806259221428878	21.433504607498474
750000	-9276.683764368829	-9294.889628300485	18.205863931657312	-9294.889628300485	0.09078790779863061	0.4435145665079903	0.1485789952517487	0.8196559344874345	0.08701128642267845	0.10040383748223541	0.07881847280802655	0.40817041533954657	0.16594018553278894	0.21802350458157224	0.20786589454609228	0.0	0.21180800191654345	0.14269095248192168	19.71709694216851
751000	-9278.355642401493	-9298.396393951329	20.04075154983541	-9298.396393951329	0.08869632944087841	0.4311022789198685	0.1485789952517487	0.8196559344874345	0.08701128642267845	0.10040383748223541	0.07881847280802655	0.40817041533954657	0.16594018553278894	0.21802350458157224	0.20786589454609228	0.0	0.21180800191654345	0.051146038758836374	20.525988486021696
752000	-9278.412397927435	-9299.597038162603	21.184640235167862	-9299.597038162603	0.0783962517106151	0.38885832274416654	0.1485789952517487	0.8196559344874345	0.08701128642267845	0.10040383748223541	0.07881847280802655	0.40817041533954657	0.16594018553278894	0.21802350458157224	0.20786589454609228	0.0	0.21180800191654345	0.10502082471027509	22.3893507866421
753000	-9276.736118584644	-9296.54947230235	19.813353717705233	-9296.54947230235	0.09393795002665875	0.44264697482392956	0.1485789952517487	0.8196559344874345	0.08701128642267845	0.10040383748223541	0.07881847280802655	0.40817041533954657	0.16594018553278894	0.21802350458157224	0.20786589454609228	0.0	0.21180800191654345	0.04859896703457384	20.24750788436074
754000	-9276.273925598414	-9297.163050822603	20.88912522418768	-9297.163050822603	0.0884185626498357	0.43095100094183214	0.1485789952517487	0.8196559344874345	0.08701128642267845	0.10040383748223541	0.07881847280802655	0.40817041533954657	0.16594018553278894	0.21802350458157224	0.20786589454609228	0.0	0.21180800191654345	0.054725419244135536	21.44200541890011
755000	-9276.789619107387	-9297.393933812007	20.604314704619874	-9297.393933812007	0.08984513182325934	0.44119690335474576	0.1485789952517487	0.8196559344874345	0.08701128642267845	0.10040383748223541	0.07881847280802655	0.40817041533954657	0.16594018553278894	0.21802350458157224	0.20786589454609228	0.0	0.21180800191654345	0.09663540778745067	21.72581180932922
756000	-9272.681433431586	-9293.35578755463	20.67435412304492	-9293.35578755463	0.0924134334408615	0.44855171625589346	0.1485789952517487	0.8196559344874345	0.08701128642267845	0.10040383748223541	0.07881847280802655	0.40817041533954657	0.16594018553278894	0.21802350458157224	0.20786589454609228	0.0	0.21180800191654345	0.08432652634821937	21.65960249501575
757000	-9274.44481744994	-9294.749194346816	20.30437689687595	-9294.749194346816	0.09214325042919992	0.44293904287917907	0.1485789952517487	0.8196559344874345	0.08701128642267845	0.10040383748223541	0.07881847280802655	0.3943523658383226	0.16594018553278894	0.23184155408279616	0.20786589454609228	0.0	0.21180800191654345	0.10227784370154461	21.401587736309793
758000	-9273.292788415796	-9294.227172568077	20.934384152279787	-9294.227172568077	0.08636379000404884	0.4233253413966428	0.1485789952517487	0.8196559344874345	0.08701128642267845	0.10040383748223541	0.07881847280802655	0.3943523658383226	0.16594018553278894	0.23184155408279616	0.20786589454609228	0.0	0.21180800191654345	0.09829709701181753	21.991896418613315
759000	-9270.500145070991	-9292.371096216955	21.870951145963936	-9292.371096216955	0.09007296336999394	0.43971587819779057	0.1485789952517487	0.61973728701411	0.06037686950234799	0.10040383748223541	0.07881847280802655	0.3943523658383226	0.16594018553278894	0.23184155408279616	0.20786589454609228	0.0	0.21180800191654345	0.07265868562055572	22.000812753488468
760000	-9269.698561389494	-9291.263065422707	21.564504033213538	-9291.263065422707	0.09284672144827211	0.439477340071439	0.1485789952517487	0.7491736706993609	0.06037686950234799	0.10040383748223541	0.07881847280802655	0.3943523658383226	0.16594018553278894	0.23184155408279616	0.20786589454609228	0.0	0.21180800191654345	0.07858748782617497	21.959468432203092
761000	-9276.684934643949	-9296.918186623263	20.23325197931356	-9296.918186623263	0.09468368420379844	0.4727813563785329	0.1485789952517487	0.7491736706993609	0.06037686950234799	0.10040383748223541	0.07881847280802655	0.3943523658383226	0.16594018553278894	0.23184155408279616	0.20786589454609228	0.0	0.21180800191654345	0.09202799604836985	20.78609671513314
762000	-9272.29532031197	-9293.602538533347	21.30721822137695	-9293.602538533347	0.09346450311066565	0.4511635278008508	0.1485789952517487	0.7491736706993609	0.06037686950234799	0.10040383748223541	0.07881847280802655	0.3943523658383226	0.16594018553278894	0.23184155408279616	0.20786589454609228	0.0	0.21180800191654345	0.08044582838367341	21.725554140131205
763000	-9274.897216643372	-9297.199341019896	22.302124376523615	-9297.199341019896	0.08844266824986796	0.42346069531296715	0.1485789952517487	0.7491736706993609	0.06037686950234799	0.10040383748223541	0.07881847280802655	0.3943523658383226	0.16594018553278894	0.23184155408279616	0.20786589454609228	0.0	0.21180800191654345	0.07837393352838808	22.694367668279117
764000	-9273.333185785126	-9293.971833633332	20.63864784820603	-9293.971833633332	0.09482970543122218	0.4592763107063591	0.1485789952517487	0.7491736706993609	0.06037686950234799	0.10040383748223541	0.07881847280802655	0.3943523658383226	0.16594018553278894	0.23184155408279616	0.20786589454609228	0.0	0.21180800191654345	0.09792991341387253	21.253651801963176
765000	-9272.773723719716	-9294.51987717533	21.746153455613822	-9294.51987717533	0.08879335988609151	0.43300466436912366	0.1485789952517487	0.7491736706993609	0.06037686950234799	0.10040383748223541	0.07881847280802655	0.3943523658383226	0.16594018553278894	0.23184155408279616	0.20786589454609228	0.0	0.21180800191654345	0.09293734959858872	22.30883096171413
766000	-9270.188145973076	-9291.547446621411	21.359300648335815	-9291.547446621411	0.09027876994093453	0.4365665271093667	0.1485789952517487	0.7491736706993609	0.07603126757039015	0.10040383748223541	0.07881847280802655	0.3943523658383226	0.16594018553278894	0.23184155408279616	0.20786589454609228	0.0	0.21180800191654345	0.057377876935128025	21.660288463120125
767000	-9268.99782389564	-9290.714755732915	21.716931837276093	-9290.714755732915	0.09180783146751914	0.4409152135476127	0.1485789952517487	0.7491736706993609	0.07603126757039015	0.10040383748223541	0.07881847280802655	0.3943523658383226	0.16594018553278894	0.23184155408279616	0.20786589454609228	0.0	0.21180800191654345	0.07661675549061042	22.307076635189333
768000	-9273.901796637763	-9294.319253264468	20.417456626705402	-9294.319253264468	0.09685029644364758	0.4568575333736747	0.1485789952517487	0.7491736706993609	0.07603126757039015	0.10040383748223541	0.07881847280802655	0.3943523658383226	0.16594018553278894	0.23184155408279616	0.20786589454609228	0.0	0.21180800191654345	0.10743872175952941	21.345706286600777
769000	-9271.72876612985	-9294.029394920159	22.30062879030761	-9294.029394920159	0.08111382673504125	0.39935028805679035	0.1485789952517487	0.7491736706993609	0.07603126757039015	0.10040383748223541	0.07881847280802655	0.3943523658383226	0.16594018553278894	0.23184155408279616	0.20786589454609228	0.0	0.21180800191654345	0.05079430147555359	22.479741967922326
770000	-9271.618287287085	-9294.145922227981	22.527634940895986	-9294.145922227981	0.0808666176701498	0.4012994590160821	0.1485789952517487	0.7491736706993609	0.07603126757039015	0.10040383748223541	0.07881847280802655	0.4039135479484371	0.16594018553278894	0.2222803719726817	0.20786589454609228	0.0	0.2865929518797941	0.06374060473498379	23.06304659517232
771000	-9276.079827494648	-9296.622005078301	20.54217758365381	-9296.622005078301	0.09296846552171698	0.44969525599338506	0.1485789952517487	0.7491736706993609	0.07603126757039015	0.10040383748223541	0.07881847280802655	0.4039135479484371	0.16594018553278894	0.2222803719726817	0.20786589454609228	0.0	0.18644739854566866	0.05778337982339696	20.87932307614559
772000	-9275.00484805747	-9295.74347669596	20.738628638490734	-9295.74347669596	0.08701927270876993	0.43946680566031304	0.1485789952517487	0.7491736706993609	0.07603126757039015	0.10040383748223541	0.07881847280802655	0.39185790002109255	0.17799583346013345	0.2222803719726817	0.20786589454609228	0.0	0.18644739854566866	0.09695307216043333	21.473806542818192
773000	-9274.793017138833	-9296.221069100482	21.42805196164901	-9296.221069100482	0.08861720212036442	0.420157252615071	0.1485789952517487	0.7491736706993609	0.07603126757039015	0.10040383748223541	0.07881847280802655	0.39185790002109255	0.17799583346013345	0.2222803719726817	0.20786589454609228	0.0	0.18644739854566866	0.09879996094037763	22.18210000611219
774000	-9271.818447753378	-9293.38559608535	21.56714833197218	-9293.38559608535	0.09305066656638117	0.4421083540584011	0.1485789952517487	0.7491736706993609	0.07603126757039015	0.10040383748223541	0.07881847280802655	0.39185790002109255	0.17799583346013345	0.2222803719726817	0.20786589454609228	0.0	0.18644739854566866	0.060986786193226936	21.838756387946617
775000	-9277.838825766765	-9300.334502383414	22.49567661664848	-9300.334502383414	0.08349869360556655	0.4122381385837286	0.1485789952517487	0.7491736706993609	0.07603126757039015	0.10040383748223541	0.07881847280802655	0.37041208366161554	0.17799583346013345	0.2222803719726817	0.2293117109055693	0.0	0.18644739854566866	0.07862613834910763	22.89561370974214
776000	-9283.286206187744	-9303.316110840291	20.029904652546374	-9303.316110840291	0.09473746785778334	0.462076910402613	0.1485789952517487	0.7491736706993609	0.07603126757039015	0.10040383748223541	0.07881847280802655	0.37041208366161554	0.17799583346013345	0.2222803719726817	0.2293117109055693	0.0	0.18644739854566866	0.10328043414497366	20.702585502618298
777000	-9275.393208561634	-9298.28296412301	22.88975556137404	-9298.28296412301	0.08317209263985925	0.40676083406968433	0.1485789952517487	0.7491736706993609	0.055996666888002124	0.10040383748223541	0.07881847280802655	0.37041208366161554	0.17799583346013345	0.2222803719726817	0.2293117109055693	0.0	0.18644739854566866	0.05839224828778089	22.699608270628634
778000	-9278.827018653008	-9299.008399418319	20.181380765311072	-9299.008399418319	0.09335999293741812	0.44756018213814025	0.1485789952517487	0.7491736706993609	0.055996666888002124	0.10040383748223541	0.07881847280802655	0.37041208366161554	0.17799583346013345	0.2222803719726817	0.2293117109055693	0.0	0.18644739854566866	0.04771303969985312	19.789255057845274
779000	-9275.913585913007	-9298.496427019332	22.582841106325567	-9298.496427019332	0.08732955675567844	0.42653006721813513	0.1485789952517487	0.7491736706993609	0.055996666888002124	0.10040383748223541	0.07881847280802655	0.37041208366161554	0.17799583346013345	0.2222803719726817	0.2293117109055693	0.0	0.18644739854566866	0.07788020188308158	22.68068244208762
780000	-9275.195314635479	-9296.871129925701	21.675815290221408	-9296.871129925701	0.09644659148262782	0.4531541587378115	0.1485789952517487	0.7491736706993609	0.055996666888002124	0.10040383748223541	0.07881847280802655	0.37041208366161554	0.17799583346013345	0.2222803719726817	0.2293117109055693	0.0	0.18644739854566866	0.08706736358581116	21.88516696638348
781000	-9274.731981006098	-9296.610835387919	21.8788543818202	-9296.610835387919	0.09546506066587171	0.4527181155596672	0.1485789952517487	0.7491736706993609	0.055996666888002124	0.10040383748223541	0.07881847280802655	0.37041208366161554	0.17799583346013345	0.2222803719726817	0.2293117109055693	0.0	0.18644739854566866	0.0730773633598375	21.91304259688792
782000	-9275.555326105112	-9298.068007571197	22.5126814660853	-9298.068007571197	0.08505703307050094	0.4051371568133819	0.1485789952517487	0.7491736706993609	0.055996666888002124	0.10040383748223541	0.07881847280802655	0.37041208366161554	0.17799583346013345	0.2222803719726817	0.2293117109055693	0.0	0.18644739854566866	0.095343861219269	22.81284097753852
783000	-9276.136613266272	-9298.702747397121	22.566134130848926	-9298.702747397121	0.09230557921506224	0.43215095171149975	0.1485789952517487	0.7491736706993609	0.055996666888002124	0.10040383748223541	0.07881847280802655	0.37041208366161554	0.17799583346013345	0.2222803719726817	0.2293117109055693	0.0	0.18644739854566866	0.07338266820135818	22.604491473568615
784000	-9276.184861816308	-9296.585846421094	20.400984604786874	-9296.585846421094	0.0959531482470697	0.46925252220495317	0.1485789952517487	0.7491736706993609	0.055996666888002124	0.10040383748223541	0.07881847280802655	0.37041208366161554	0.17799583346013345	0.2222803719726817	0.2293117109055693	0.0	0.18644739854566866	0.1059491190101164	20.80661313734778
785000	-9280.009437798695	-9301.883722424684	21.874284625989105	-9301.883722424684	0.09334246901670026	0.4462392611537165	0.1485789952517487	0.7491736706993609	0.055996666888002124	0.07160363530826411	0.07881847280802655	0.37041208366161554	0.16528962613157971	0.2222803719726817	0.24201791823412303	0.0	0.18644739854566866	0.06239147101520208	21.486745076420938
786000	-9276.32192008987	-9298.136551578831	21.814631488962455	-9298.136551578831	0.09089801369367004	0.44241812812377	0.18057948879530214	0.7491736706993609	0.055996666888002124	0.07160363530826411	0.057566661544483436	0.37041208366161554	0.16528962613157971	0.2222803719726817	0.24201791823412303	0.0	0.18644739854566866	0.08743441914543225	21.652435218023697
787000	-9286.374362327211	-9307.493292099784	21.11892977257188	-9307.493292099784	0.09366047633607	0.46170957050800143	0.18057948879530214	0.7491736706993609	0.055996666888002124	0.07160363530826411	0.10061553820139954	0.37041208366161554	0.16528962613157971	0.2222803719726817	0.24201791823412303	0.0	0.18644739854566866	0.0751178409637156	21.339652404589536
788000	-9281.678111045505	-9302.459096523871	20.780985478366087	-9302.459096523871	0.09372740588813552	0.4689212765624047	0.18057948879530214	0.7491736706993609	0.055996666888002124	0.07160363530826411	0.10061553820139954	0.37041208366161554	0.16528962613157971	0.2222803719726817	0.24201791823412303	0.0	0.18644739854566866	0.07932251566740674	21.056172035633722
789000	-9279.230862159042	-9301.48409764631	22.25323548726666	-9301.48409764631	0.09202612450995282	0.43861617486045745	0.18057948879530214	0.7491736706993609	0.055996666888002124	0.07160363530826411	0.05660069584638433	0.37041208366161554	0.16528962613157971	0.2222803719726817	0.24201791823412303	0.0	0.18644739854566866	0.06918252870063481	21.84072574635585
790000	-9283.723971724125	-9306.683591120676	22.95961939655169	-9306.683591120676	0.09475239437847843	0.4383251733407479	0.18057948879530214	0.7491736706993609	0.055996666888002124	0.07160363530826411	0.05660069584638433	0.37041208366161554	0.16528962613157971	0.2222803719726817	0.24201791823412303	0.0	0.21505804816671797	0.07461085563917544	22.651257964514365
791000	-9278.259352131396	-9301.231527791324	22.9721756599281	-9301.231527791324	0.08778226803141646	0.41257554794595297	0.18057948879530214	0.7491736706993609	0.055996666888002124	0.07160363530826411	0.05660069584638433	0.37041208366161554	0.16528962613157971	0.2222803719726817	0.24201791823412303	0.0	0.21505804816671797	0.08688728993875473	22.81613997411673
792000	-9279.994394846233	-9302.271524416665	22.27712957043073	-9302.271524416665	0.08969870620361567	0.4269507422174421	0.18057948879530214	0.7491736706993609	0.055996666888002124	0.07160363530826411	0.05660069584638433	0.37041208366161554	0.16528962613157971	0.2222803719726817	0.24201791823412303	0.0	0.21505804816671797	0.057189608013052326	21.702854327605785
793000	-9280.075239974156	-9302.131843442125	22.056603467969396	-9302.131843442125	0.08881808556428503	0.4428365410240013	0.18057948879530214	0.7491736706993609	0.055996666888002124	0.07160363530826411	0.05660069584638433	0.37041208366161554	0.16528962613157971	0.2222803719726817	0.24201791823412303	0.0	0.21505804816671797	0.07648628549684106	21.77306747156744
794000	-9287.645504990585	-9307.932796699492	20.28729170890634	-9307.932796699492	0.09245762544587192	0.4673308161967566	0.18057948879530214	0.7491736706993609	0.055996666888002124	0.10774162408116668	0.05660069584638433	0.37041208366161554	0.16528962613157971	0.2222803719726817	0.24201791823412303	0.0	0.21505804816671797	0.05741976855837773	20.108807343950513
795000	-9282.123550097609	-9304.467117156259	22.34356705864938	-9304.467117156259	0.08984726510158964	0.4293173837781802	0.18057948879530214	0.7491736706993609	0.055996666888002124	0.10774162408116668	0.05660069584638433	0.37041208366161554	0.16528962613157971	0.2222803719726817	0.24201791823412303	0.0	0.21505804816671797	0.07606134095914653	22.44623418231371
796000	-9281.054571838846	-9302.49471625031	21.440144411464086	-9302.49471625031	0.08732089711588131	0.41085943410474834	0.18057948879530214	0.7491736706993609	0.055996666888002124	0.10774162408116668	0.05660069584638433	0.37041208366161554	0.16528962613157971	0.2222803719726817	0.24201791823412303	0.0	0.21505804816671797	0.10957702908003851	21.907899166364416
797000	-9279.478069600738	-9300.888330588465	21.410260987725714	-9300.888330588465	0.09138102790147502	0.44687850135851376	0.18057948879530214	0.7491736706993609	0.055996666888002124	0.10774162408116668	0.05660069584638433	0.37041208366161554	0.16528962613157971	0.2222803719726817	0.24201791823412303	0.0	0.21505804816671797	0.0709796115026915	21.443780652633194
798000	-9280.597515607933	-9301.846831451448	21.249315843515866	-9301.846831451448	0.0917877693451015	0.44444865665979894	0.18057948879530214	0.7491736706993609	0.055996666888002124	0.10774162408116668	0.05660069584638433	0.37041208366161554	0.16528962613157971	0.2222803719726817	0.24201791823412303	0.0	0.21505804816671797	0.0958131129014343	21.582842388050267
799000	-9276.299460150896	-9298.684987151948	22.38552700105226	-9298.684987151948	0.08416972272243557	0.41688055417063896	0.18057948879530214	0.7491736706993609	0.055996666888002124	0.10774162408116668	0.05660069584638433	0.37041208366161554	0.16528962613157971	0.2222803719726817	0.24201791823412303	0.0	0.21505804816671797	0.0584894867989907	22.22550101734099
800000	-9279.513010231842	-9301.797481179075	22.284470947233874	-9301.797481179075	0.08933655223649396	0.42459745869451454	0.18057948879530214	0.7491736706993609	0.055996666888002124	0.10774162408116668	0.05660069584638433	0.37041208366161554	0.16528962613157971	0.2222803719726817	0.24201791823412303	0.0	0.21505804816671797	0.08860277956912613	22.53976116750382
801000	-9279.111001300662	-9301.715788334319	22.60478703365724	-9301.715788334319	0.09078749976295512	0.42724618453269714	0.18057948879530214	0.7491736706993609	0.055996666888002124	0.10774162408116668	0.05660069584638433	0.37041208366161554	0.16528962613157971	0.2222803719726817	0.24201791823412303	0.0	0.21505804816671797	0.07132910051159336	22.643218410666826
802000	-9281.629491742204	-9304.235724644379	22.606232902174355	-9304.235724644379	0.0815893297044905	0.4059493638119625	0.15543326841563512	0.7491736706993609	0.055996666888002124	0.10774162408116668	0.06762819026893895	0.37041208366161554	0.16528962613157971	0.2222803719726817	0.24201791823412303	0.0	0.21505804816671797	0.08301523274688365	22.82161875344959
803000	-9285.421982288857	-9309.015243589354	23.59326130049677	-9309.015243589354	0.08435223560198714	0.3963848210456203	0.15543326841563512	0.7491736706993609	0.04955464052946189	0.10774162408116668	0.06762819026893895	0.37041208366161554	0.16528962613157971	0.2222803719726817	0.24201791823412303	0.0	0.21505804816671797	0.05467502499559224	23.27428040855404
804000	-9282.031572729988	-9305.087790245369	23.056217515381412	-9305.087790245369	0.08038196714839016	0.39973150232628246	0.15543326841563512	0.7491736706993609	0.04955464052946189	0.12617771311942647	0.06762819026893895	0.37041208366161554	0.16528962613157971	0.2222803719726817	0.24201791823412303	0.0	0.21505804816671797	0.06727648567760659	23.096541565059745
805000	-9283.606403388621	-9305.261435011073	21.655031622450352	-9305.261435011073	0.09153404157584494	0.4406064251389059	0.15543326841563512	0.7491736706993609	0.04955464052946189	0.12617771311942647	0.06762819026893895	0.37041208366161554	0.16528962613157971	0.2222803719726817	0.24201791823412303	0.0	0.21505804816671797	0.05962534323997444	21.574625597945982
806000	-9275.757457620408	-9297.244687519458	21.48722989905126	-9297.244687519458	0.09200876422738809	0.4468703778665316	0.15543326841563512	0.7491736706993609	0.07070576548403575	0.12617771311942647	0.06079729381548244	0.37041208366161554	0.16528962613157971	0.2222803719726817	0.24201791823412303	0.0	0.21505804816671797	0.07402675362587016	21.861124750895783
807000	-9277.936917978195	-9299.555573750536	21.618655772341732	-9299.555573750536	0.0923156273947246	0.4517197744819722	0.15543326841563512	0.7491736706993609	0.07070576548403575	0.08532204802944529	0.06079729381548244	0.37041208366161554	0.16528962613157971	0.2222803719726817	0.24201791823412303	0.0	0.21505804816671797	0.07480017352105352	21.627163183561933
808000	-9277.937067532332	-9299.007132824718	21.070065292386925	-9299.007132824718	0.09704204879525226	0.4729014755205534	0.15543326841563512	0.7491736706993609	0.07070576548403575	0.08532204802944529	0.06079729381548244	0.37041208366161554	0.16528962613157971	0.2222803719726817	0.24201791823412303	0.0	0.21505804816671797	0.07949862203568037	21.139492187454753
809000	-9276.345652205657	-9299.18163568876	22.835983483102925	-9299.18163568876	0.09432311082202084	0.44404814597479564	0.15543326841563512	0.7491736706993609	0.07070576548403575	0.05795389514532695	0.06079729381548244	0.37041208366161554	0.16528962613157971	0.2222803719726817	0.24201791823412303	0.0	0.21505804816671797	0.06835001341551071	22.38412977515516
810000	-9282.976809991931	-9304.091085474622	21.11427548269127	-9304.091085474622	0.08849297832276418	0.4407331735543015	0.15543326841563512	0.7491736706993609	0.07070576548403575	0.05795389514532695	0.06079729381548244	0.37041208366161554	0.16528962613157971	0.2222803719726817	0.24201791823412303	0.0	0.21505804816671797	0.10872395454682957	21.1265921581614
811000	-9281.044476706475	-9302.889973104771	21.84549639829617	-9302.889973104771	0.08621270353215388	0.4393107901983113	0.15543326841563512	0.7491736706993609	0.07070576548403575	0.05795389514532695	0.04892911809741941	0.37041208366161554	0.16528962613157971	0.2222803719726817	0.24201791823412303	0.0	0.21505804816671797	0.06205172360738001	21.08946843517268
812000	-9278.576128105966	-9301.959331720764	23.38320361479839	-9301.959331720764	0.08424111071708075	0.4046206072738527	0.15543326841563512	0.7491736706993609	0.07070576548403575	0.05795389514532695	0.04892911809741941	0.37041208366161554	0.16528962613157971	0.2222803719726817	0.24201791823412303	0.0	0.21505804816671797	0.08524441876155234	22.944730007640164
813000	-9275.007234671639	-9298.201946131474	23.194711459834643	-9298.201946131474	0.08859094248386287	0.4291332944760736	0.15543326841563512	0.7491736706993609	0.07070576548403575	0.05795389514532695	0.04892911809741941	0.37041208366161554	0.16528962613157971	0.2222803719726817	0.24201791823412303	0.0	0.21505804816671797	0.0738135540658735	22.612257581900963
814000	-9277.165510888337	-9300.857573033574	23.69206214523786	-9300.857573033574	0.08278629734027526	0.40563818513715455	0.15543326841563512	0.7491736706993609	0.07070576548403575	0.05795389514532695	0.04892911809741941	0.37041208366161554	0.16528962613157971	0.2222803719726817	0.24201791823412303	0.0	0.21505804816671797	0.07141333740149654	23.076550543373088
815000	-9280.527151156886	-9302.76964117104	22.24249001415469	-9302.76964117104	0.09394075387043459	0.4562965382082944	0.15543326841563512	0.7491736706993609	0.07070576548403575	0.05795389514532695	0.04892911809741941	0.37041208366161554	0.16528962613157971	0.2222803719726817	0.24201791823412303	0.0	0.21505804816671797	0.07674145978345766	21.698935869145014
816000	-9278.719594350987	-9302.002295108943	23.282700757956597	-9302.002295108943	0.08622112355016331	0.42328563669915753	0.15543326841563512	0.7491736706993609	0.07070576548403575	0.05795389514532695	0.04892911809741941	0.37041208366161554	0.16528962613157971	0.2306050841864922	0.23369320602031252	0.0	0.21505804816671797	0.07450355443786362	22.704257728391646
817000	-9284.658825032304	-9306.270522071589	21.61169703928555	-9306.270522071589	0.08824337802863014	0.44118629136720106	0.15543326841563512	0.7491736706993609	0.07070576548403575	0.05795389514532695	0.04892911809741941	0.37041208366161554	0.16528962613157971	0.2306050841864922	0.23369320602031252	0.0	0.21505804816671797	0.05597966073509644	20.747395598500486
818000	-9274.625364174051	-9297.970719594601	23.34535542054925	-9297.970719594601	0.08900605250773494	0.4260860967256773	0.15543326841563512	0.7491736706993609	0.07070576548403575	0.05795389514532695	0.04892911809741941	0.37041208366161554	0.1761109083942644	0.21978380192380753	0.23369320602031252	0.0	0.21505804816671797	0.07475999632341485	22.72429128275207
819000	-9276.385131632043	-9299.46139526029	23.076263628247332	-9299.46139526029	0.08817101032661773	0.42390309521702263	0.15543326841563512	0.7491736706993609	0.07070576548403575	0.05795389514532695	0.04892911809741941	0.37041208366161554	0.1761109083942644	0.21978380192380753	0.23369320602031252	0.0	0.21505804816671797	0.06639800172643479	22.336583518589432
820000	-9278.297592812056	-9300.303342251924	22.005749439867053	-9300.303342251924	0.09160903168876058	0.4388624322908391	0.15543326841563512	0.7491736706993609	0.07070576548403575	0.05795389514532695	0.08080110510494659	0.37041208366161554	0.1761109083942644	0.21978380192380753	0.23369320602031252	0.0	0.21505804816671797	0.059971033914940054	21.6439883079711
821000	-9275.597093299033	-9296.654811284543	21.05771798551072	-9296.654811284543	0.0935382793695367	0.44117465386022764	0.15543326841563512	0.7491736706993609	0.07070576548403575	0.05795389514532695	0.08080110510494659	0.37041208366161554	0.1761109083942644	0.21978380192380753	0.23369320602031252	0.0	0.21505804816671797	0.044147353356841654	20.389628154682725
822000	-9276.44654697665	-9299.941915455885	23.495368479235957	-9299.941915455885	0.08341328944114859	0.4069429609452751	0.15543326841563512	0.7491736706993609	0.07070576548403575	0.05795389514532695	0.08080110510494659	0.37041208366161554	0.1761109083942644	0.21978380192380753	0.23369320602031252	0.0	0.21505804816671797	0.07132944319851776	23.307054860038726
823000	-9281.969193632025	-9304.454877937353	22.48568430532734	-9304.454877937353	0.0884510980015781	0.43244264217062	0.15543326841563512	0.7491736706993609	0.07070576548403575	0.05795389514532695	0.08080110510494659	0.37041208366161554	0.1761109083942644	0.21978380192380753	0.23369320602031252	0.0	0.21505804816671797	0.06217192276586143	22.1599649912179
824000	-9276.403399518742	-9297.393674364943	20.990274846201153	-9297.393674364943	0.09639976393747236	0.4600327461697888	0.15543326841563512	0.7491736706993609	0.07070576548403575	0.05795389514532695	0.08080110510494659	0.37041208366161554	0.1761109083942644	0.21978380192380753	0.23369320602031252	0.0	0.21505804816671797	0.0586650549785292	20.606496270773256
825000	-9273.342229458145	-9296.27698754197	22.934758083825955	-9296.27698754197	0.08973446568556415	0.42831150740293616	0.15543326841563512	0.7491736706993609	0.07070576548403575	0.05795389514532695	0.08080110510494659	0.37041208366161554	0.1761109083942644	0.21978380192380753	0.23369320602031252	0.0	0.21505804816671797	0.06886719658297917	22.711315237165856
826000	-9281.310213074768	-9300.761804315971	19.451591241203204	-9300.761804315971	0.08248290218951138	0.40838362650652316	0.15543326841563512	0.7491736706993609	0.07070576548403575	0.05795389514532695	0.08080110510494659	0.37041208366161554	0.1761109083942644	0.21978380192380753	0.23369320602031252	0.0	0.21505804816671797	0.03544678018053463	18.564000853527308
827000	-9277.448426440324	-9298.892435639764	21.444009199440366	-9298.892435639764	0.08375097096527614	0.4255605377593685	0.15543326841563512	0.7491736706993609	0.07070576548403575	0.05795389514532695	0.08080110510494659	0.37041208366161554	0.1761109083942644	0.21978380192380753	0.23369320602031252	0.0	0.21505804816671797	0.0563152511870017	21.01935177985885
828000	-9277.453940681247	-9297.235103392697	19.781162711449063	-9297.235103392697	0.09126757141262767	0.45542875673021255	0.15543326841563512	0.7491736706993609	0.07070576548403575	0.05795389514532695	0.08080110510494659	0.37041208366161554	0.1761109083942644	0.21978380192380753	0.23369320602031252	0.0	0.21505804816671797	0.04857280106920235	19.20860362744814
829000	-9277.463055319617	-9300.723889947702	23.26083462808522	-9300.723889947702	0.08336311151613254	0.40086150744374466	0.15543326841563512	0.7491736706993609	0.07070576548403575	0.05795389514532695	0.08080110510494659	0.3947406444912601	0.1635287423574254	0.20803740713100194	0.23369320602031252	0.0	0.21505804816671797	0.0633949308743858	23.15091212341853
830000	-9276.759289794822	-9298.56509920616	21.805809411338203	-9298.56509920616	0.09080890979232678	0.43681059979235193	0.15543326841563512	0.7491736706993609	0.07070576548403575	0.05795389514532695	0.08080110510494659	0.3947406444912601	0.1635287423574254	0.20803740713100194	0.23369320602031252	0.0	0.21505804816671797	0.06098910993643595	21.657198325691073
831000	-9274.39631680995	-9296.649936855401	22.25362004545042	-9296.649936855401	0.08949672365606018	0.4345449463920012	0.15543326841563512	0.7491736706993609	0.07070576548403575	0.05795389514532695	0.08080110510494659	0.3947406444912601	0.1635287423574254	0.20803740713100194	0.23369320602031252	0.0	0.21505804816671797	0.0725702242346717	22.278868340393707
832000	-9277.373695433267	-9298.91471619851	21.54102076524204	-9298.91471619851	0.08853929070534092	0.43606238474355913	0.15543326841563512	0.7491736706993609	0.07070576548403575	0.05795389514532695	0.08080110510494659	0.3947406444912601	0.1635287423574254	0.20803740713100194	0.23369320602031252	0.0	0.21505804816671797	0.07336881818839638	21.57721338202857
833000	-9282.646911263053	-9304.552208532758	21.905297269704228	-9304.552208532758	0.09358353521537303	0.4375595475187144	0.15543326841563512	0.7491736706993609	0.07070576548403575	0.05795389514532695	0.08080110510494659	0.3947406444912601	0.1635287423574254	0.20803740713100194	0.23369320602031252	0.0	0.21505804816671797	0.0668387712842899	21.8482741820718
834000	-9278.681031492712	-9300.587641798857	21.90661030614479	-9300.587641798857	0.09223204731219006	0.434474231009949	0.15543326841563512	0.7491736706993609	0.07070576548403575	0.05795389514532695	0.08080110510494659	0.3947406444912601	0.1635287423574254	0.20803740713100194	0.23369320602031252	0.0	0.21505804816671797	0.05846564743998783	21.715743256400785
835000	-9276.1264610372	-9298.157409763773	22.03094872657298	-9298.157409763773	0.09633848510565514	0.4460060690985873	0.15543326841563512	0.7491736706993609	0.07070576548403575	0.05795389514532695	0.08080110510494659	0.3947406444912601	0.1635287423574254	0.20803740713100194	0.23369320602031252	0.0	0.21505804816671797	0.07091466562570078	22.03311957991573
836000	-9273.63646891558	-9296.274775453969	22.63830653838874	-9296.274775453969	0.08773718263673785	0.41970404693430324	0.15543326841563512	0.7491736706993609	0.07070576548403575	0.05795389514532695	0.08080110510494659	0.3947406444912601	0.1635287423574254	0.20803740713100194	0.23369320602031252	0.0	0.21505804816671797	0.05492432888441261	22.38495652957058
837000	-9277.863609031057	-9300.433055111487	22.56944608042907	-9300.433055111487	0.08313620412784478	0.40901713026488185	0.15543326841563512	0.7491736706993609	0.07070576548403575	0.05795389514532695	0.08080110510494659	0.3947406444912601	0.1635287423574254	0.20803740713100194	0.23369320602031252	0.0	0.21505804816671797	0.05717326377184016	22.356226044714777
838000	-9281.307161076746	-9303.367023079194	22.059862002448472	-9303.367023079194	0.09428729960605421	0.45005748696522285	0.15543326841563512	0.7491736706993609	0.07070576548403575	0.05795389514532695	0.08080110510494659	0.3947406444912601	0.1635287423574254	0.20803740713100194	0.23369320602031252	0.0	0.21505804816671797	0.060504154293016386	21.903267622877493
839000	-9277.170262613343	-9298.576996383103	21.40673376976008	-9298.576996383103	0.08607213810320594	0.42213152993535974	0.15543326841563512	0.7491736706993609	0.07070576548403575	0.05795389514532695	0.08080110510494659	0.3947406444912601	0.1635287423574254	0.20803740713100194	0.23369320602031252	0.0	0.21505804816671797	0.10506260316816791	21.801983754647264
840000	-9274.835289759725	-9297.860213187549	23.024923427824202	-9297.860213187549	0.0853374848778714	0.4098002273290672	0.15543326841563512	0.7491736706993609	0.07070576548403575	0.05795389514532695	0.08080110510494659	0.3947406444912601	0.1635287423574254	0.20803740713100194	0.23369320602031252	0.0	0.21505804816671797	0.059688124536210994	22.854750101193666
841000	-9277.547183879735	-9299.217524029224	21.670340149488975	-9299.217524029224	0.09197928650715853	0.44196932386796123	0.1937589434177107	0.7491736706993609	0.07070576548403575	0.05795389514532695	0.08080110510494659	0.3947406444912601	0.1635287423574254	0.20803740713100194	0.23369320602031252	0.0	0.21505804816671797	0.08612000621353139	22.079986466175264
842000	-9276.210856146625	-9298.460355933737	22.249499787113297	-9298.460355933737	0.09101041170541349	0.4362233164373095	0.1937589434177107	0.7491736706993609	0.07070576548403575	0.05795389514532695	0.08080110510494659	0.3947406444912601	0.1635287423574254	0.20803740713100194	0.23369320602031252	0.0	0.21505804816671797	0.07357445017684505	22.50170218028368
843000	-9275.924964651762	-9297.713860938507	21.788896286744873	-9297.713860938507	0.09155836539978217	0.4408104365727405	0.1937589434177107	0.7491736706993609	0.07070576548403575	0.05795389514532695	0.08080110510494659	0.3947406444912601	0.1635287423574254	0.20803740713100194	0.23369320602031252	0.0	0.21505804816671797	0.08143828270521512	22.142646324739648
844000	-9280.9091332299	-9302.244308068304	21.335174838404797	-9302.244308068304	0.08849231692526124	0.44146099849893927	0.1937589434177107	0.7491736706993609	0.07070576548403575	0.05795389514532695	0.08080110510494659	0.3947406444912601	0.17737717626020227	0.20803740713100194	0.21984477211753564	0.0	0.21505804816671797	0.08511890811750024	21.67252206292158
845000	-9277.083881439381	-9296.999056970866	19.91517553148587	-9296.999056970866	0.08501476822119819	0.4110756258647601	0.1937589434177107	0.7491736706993609	0.07070576548403575	0.05795389514532695	0.08080110510494659	0.3947406444912601	0.17737717626020227	0.20803740713100194	0.21984477211753564	0.0	0.21505804816671797	0.13637841236864312	20.723907023850295
846000	-9273.12510534998	-9294.994780980027	21.86967563004719	-9294.994780980027	0.0863582762043778	0.4230812193011799	0.1937589434177107	0.7491736706993609	0.07070576548403575	0.05795389514532695	0.08080110510494659	0.3947406444912601	0.17737717626020227	0.20803740713100194	0.21984477211753564	0.0	0.21505804816671797	0.08639965899168615	22.22195738556661
847000	-9288.523763500689	-9309.861822489944	21.338058989254378	-9309.861822489944	0.08718471010415128	0.42291091060678465	0.1937589434177107	0.7491736706993609	0.07070576548403575	0.05795389514532695	0.08080110510494659	0.3947406444912601	0.17737717626020227	0.20803740713100194	0.21984477211753564	0.0	0.21505804816671797	0.05343568446599367	21.2098357870415
848000	-9280.012163074305	-9301.749989284643	21.737826210337527	-9301.749989284643	0.09120672836886254	0.44637104919180487	0.1937589434177107	0.7491736706993609	0.07070576548403575	0.05795389514532695	0.08080110510494659	0.3947406444912601	0.17737717626020227	0.20803740713100194	0.21984477211753564	0.0	0.21505804816671797	0.07149639535679918	21.900771270749093
849000	-9276.671963465631	-9298.09660668009	21.424643214459568	-9298.09660668009	0.08932583589022854	0.44274487209995483	0.1937589434177107	0.7491736706993609	0.07070576548403575	0.05795389514532695	0.08080110510494659	0.3947406444912601	0.17737717626020227	0.20803740713100194	0.21984477211753564	0.0	0.21505804816671797	0.07318503581453766	21.610932212337964
850000	-9277.25073844204	-9299.325304774336	22.07456633229515	-9299.325304774336	0.08752276158770257	0.425660668298369	0.1937589434177107	0.7491736706993609	0.07070576548403575	0.05795389514532695	0.08080110510494659	0.3947406444912601	0.17737717626020227	0.20803740713100194	0.21984477211753564	0.0	0.21505804816671797	0.07295832190425496	22.257752704153596
851000	-9278.253677591274	-9300.547611943673	22.293934352399976	-9300.547611943673	0.08499580039719726	0.42041552116194203	0.1937589434177107	0.7491736706993609	0.07070576548403575	0.05795389514532695	0.08080110510494659	0.3947406444912601	0.17737717626020227	0.20803740713100194	0.21984477211753564	0.0	0.21505804816671797	0.05479008327553596	22.190741594425752
852000	-9278.723080677646	-9299.454583648318	20.731502970671464	-9299.454583648318	0.09460721780677646	0.4602412691535157	0.1937589434177107	0.7491736706993609	0.047230145050286235	0.05795389514532695	0.08080110510494659	0.3947406444912601	0.17737717626020227	0.20803740713100194	0.21984477211753564	0.0	0.21505804816671797	0.10948984524783059	20.934965217750193
853000	-9278.35413970195	-9299.998868918869	21.644729216918325	-9299.998868918869	0.0928606596476685	0.44548438167340954	0.1937589434177107	0.7491736706993609	0.047230145050286235	0.053325542520395834	0.08080110510494659	0.3947406444912601	0.17737717626020227	0.20803740713100194	0.21984477211753564	0.0	0.21505804816671797	0.09638836866623109	21.641211630841816
854000	-9278.52662638708	-9299.585007786325	21.058381399245143	-9299.585007786325	0.09659612106625076	0.4585908080937318	0.1937589434177107	0.8716932572874796	0.047230145050286235	0.053325542520395834	0.08080110510494659	0.3947406444912601	0.17737717626020227	0.20803740713100194	0.21984477211753564	0.0	0.21505804816671797	0.09992412493118359	21.24090883027298
855000	-9275.37201600884	-9297.785957259173	22.413941250332915	-9297.785957259173	0.09120105698987159	0.44455015528414027	0.1937589434177107	0.8716932572874796	0.047230145050286235	0.053325542520395834	0.08080110510494659	0.3947406444912601	0.17737717626020227	0.20803740713100194	0.21984477211753564	0.0	0.21505804816671797	0.07207114441916866	22.269711282140584
856000	-9276.411898648874	-9296.940005603063	20.52810695418901	-9296.940005603063	0.09390270722142254	0.4537750198984349	0.14411697961945957	0.8716932572874796	0.047230145050286235	0.053325542520395834	0.08080110510494659	0.3947406444912601	0.17737717626020227	0.20803740713100194	0.21984477211753564	0.0	0.21505804816671797	0.1184284786060496	20.594378240269574
857000	-9279.793378788307	-9303.040778259528	23.24739947122247	-9303.040778259528	0.08626285700429817	0.41763138048406473	0.14411697961945957	0.8716932572874796	0.047230145050286235	0.053325542520395834	0.08080110510494659	0.3947406444912601	0.17737717626020227	0.20803740713100194	0.21984477211753564	0.0	0.21505804816671797	0.07686276164358168	22.881383050329266
858000	-9281.0730084928	-9301.887844281138	20.814835788337753	-9301.887844281138	0.09683610939694895	0.4780733499611469	0.14411697961945957	0.8716932572874796	0.047230145050286235	0.053325542520395834	0.08080110510494659	0.3947406444912601	0.17737717626020227	0.20803740713100194	0.21984477211753564	0.0	0.21505804816671797	0.07304506364677425	20.3978744130441
859000	-9281.566122195669	-9301.401373304587	19.83525110891794	-9301.401373304587	0.0994896872681618	0.46724215816110976	0.14411697961945957	0.8716932572874796	0.047230145050286235	0.08634993942167268	0.11751600534181632	0.3947406444912601	0.17737717626020227	0.20803740713100194	0.21984477211753564	0.0	0.21505804816671797	0.055630743620571764	19.966670827956822
860000	-9281.02231705342	-9301.218811144126	20.196494090707606	-9301.218811144126	0.09109137225653346	0.44913008302758384	0.14411697961945957	0.8716932572874796	0.09175663124589477	0.08634993942167268	0.11751600534181632	0.3947406444912601	0.17737717626020227	0.20803740713100194	0.21984477211753564	0.0	0.21505804816671797	0.0643521610029694	21.108903016818402
861000	-9277.098816685773	-9298.560525198345	21.4617085125725	-9298.560525198345	0.0872611097680592	0.4311323328691768	0.14411697961945957	0.8716932572874796	0.09175663124589477	0.08634993942167268	0.11751600534181632	0.3947406444912601	0.17737717626020227	0.20803740713100194	0.21984477211753564	0.0	0.21505804816671797	0.06923630628550817	22.447272305529427
862000	-9279.235021211645	-9300.925683217778	21.690662006131983	-9300.925683217778	0.09206935473467218	0.4323823959925618	0.19535814371580398	0.8716932572874796	0.09175663124589477	0.08634993942167268	0.06574919393154237	0.3947406444912601	0.1690341735564655	0.20803740713100194	0.22818777482127242	0.0	0.21505804816671797	0.06306859324576267	22.352969772925274
863000	-9279.026379183277	-9299.652909956802	20.626530773525577	-9299.652909956802	0.089698733447253	0.4486249121193864	0.19535814371580398	0.8716932572874796	0.09175663124589477	0.08634993942167268	0.06574919393154237	0.3947406444912601	0.1690341735564655	0.20803740713100194	0.22818777482127242	0.0	0.21505804816671797	0.08094843038611052	21.538427914558774
864000	-9278.272397081544	-9297.831135422939	19.558738341394996	-9297.831135422939	0.0978177601166204	0.46145409807482246	0.19535814371580398	0.8716932572874796	0.09175663124589477	0.08634993942167268	0.06574919393154237	0.3947406444912601	0.1690341735564655	0.20803740713100194	0.22818777482127242	0.0	0.21505804816671797	0.10974311563493934	20.774965514698824
865000	-9284.800362556853	-9306.145339139099	21.34497658224608	-9306.145339139099	0.08964905757809505	0.4329103247252184	0.19535814371580398	0.8716932572874796	0.09175663124589477	0.08634993942167268	0.06574919393154237	0.3947406444912601	0.1690341735564655	0.20803740713100194	0.22818777482127242	0.0	0.21505804816671797	0.06137857181180739	21.980122214209683
866000	-9277.40735895596	-9299.742469232171	22.335110276212404	-9299.742469232171	0.08869337270427836	0.42467555921863953	0.14463488904398225	0.6779599156218232	0.09175663124589477	0.08634993942167268	0.06574919393154237	0.3947406444912601	0.1690341735564655	0.20803740713100194	0.22818777482127242	0.0	0.21505804816671797	0.07065805992663088	22.571915512285297
867000	-9281.01012374662	-9302.925274751902	21.9151510052817	-9302.925274751902	0.08434131004169487	0.42371335852004954	0.14463488904398225	0.6779599156218232	0.09175663124589477	0.08634993942167268	0.06574919393154237	0.3947406444912601	0.1690341735564655	0.20803740713100194	0.22818777482127242	0.0	0.21505804816671797	0.07171129745361554	22.166752357053944
868000	-9275.888047270253	-9297.913434166854	22.025386896600615	-9297.913434166854	0.08862408483405829	0.42840128884120154	0.14463488904398225	0.6779599156218232	0.09175663124589477	0.08634993942167268	0.06574919393154237	0.3947406444912601	0.1690341735564655	0.20803740713100194	0.22818777482127242	0.0	0.21505804816671797	0.07693550018825902	22.347307358505958
869000	-9285.320296990005	-9305.087753849013	19.76745685900772	-9305.087753849013	0.09987023536367287	0.47748599218017085	0.14463488904398225	0.6779599156218232	0.09175663124589477	0.08634993942167268	0.06574919393154237	0.3947406444912601	0.1690341735564655	0.20803740713100194	0.22818777482127242	0.0	0.21505804816671797	0.10287526758782518	20.37992717007578
870000	-9283.548587206427	-9305.133162652726	21.584575446298494	-9305.133162652726	0.09179475798312428	0.4489729547416694	0.14463488904398225	0.6779599156218232	0.09175663124589477	0.08634993942167268	0.06574919393154237	0.3947406444912601	0.1690341735564655	0.20803740713100194	0.22818777482127242	0.0	0.21505804816671797	0.06275179866343188	21.702715738836147
871000	-9280.029844455117	-9301.43014581442	21.400301359303672	-9301.43014581442	0.08738057453037434	0.4428334409139178	0.14463488904398225	0.6779599156218232	0.09175663124589477	0.08634993942167268	0.06574919393154237	0.3947406444912601	0.1690341735564655	0.20803740713100194	0.22818777482127242	0.0	0.21505804816671797	0.07277942412906636	21.66668768994509
872000	-9271.563891767246	-9293.069894555578	21.506002788331564	-9293.069894555578	0.09238162093366209	0.45252419802689864	0.14463488904398225	0.7825489361204077	0.06519251964907372	0.08634993942167268	0.06574919393154237	0.3947406444912601	0.1690341735564655	0.20803740713100194	0.22818777482127242	0.0	0.21505804816671797	0.0717069230970922	21.571705782688827
873000	-9282.790491406708	-9301.240544103955	18.45005269724792	-9301.240544103955	0.0975386373909921	0.4848016213434071	0.14463488904398225	0.7825489361204077	0.06519251964907372	0.08634993942167268	0.06574919393154237	0.3947406444912601	0.1690341735564655	0.20803740713100194	0.22818777482127242	0.0	0.21505804816671797	0.13761863684472872	19.16765475072939
874000	-9274.087527803174	-9295.924747360748	21.837219557574443	-9295.924747360748	0.08627808842701121	0.4084114846075707	0.14463488904398225	0.7825489361204077	0.06519251964907372	0.08634993942167268	0.06574919393154237	0.3947406444912601	0.1690341735564655	0.20803740713100194	0.22818777482127242	0.0	0.21505804816671797	0.10584845345292417	22.292343639274414
875000	-9276.002094047659	-9298.346931032898	22.34483698524015	-9298.346931032898	0.09268346894008239	0.4381190704771698	0.14463488904398225	0.7825489361204077	0.06519251964907372	0.08634993942167268	0.06574919393154237	0.3947406444912601	0.1690341735564655	0.20803740713100194	0.22818777482127242	0.0	0.21505804816671797	0.07998851890433913	22.519835790887356
876000	-9278.073833316344	-9297.323834880808	19.250001564462885	-9297.323834880808	0.09616796437315558	0.44398168811974864	0.14463488904398225	0.7825489361204077	0.06519251964907372	0.08634993942167268	0.06574919393154237	0.3947406444912601	0.1690341735564655	0.20803740713100194	0.22818777482127242	0.0	0.21505804816671797	0.14019674585008798	19.986164022992465
877000	-9270.895434301354	-9292.16758384525	21.272149543896557	-9292.16758384525	0.09063497433683113	0.4361428838699567	0.14463488904398225	0.7825489361204077	0.048825035220071894	0.08634993942167268	0.06574919393154237	0.3947406444912601	0.1690341735564655	0.20803740713100194	0.22818777482127242	0.0	0.21505804816671797	0.10687920456632831	21.460681299696425
878000	-9275.446955556363	-9298.042897549676	22.595941993313215	-9298.042897549676	0.08472077850851395	0.418060699697862	0.14463488904398225	0.7825489361204077	0.048825035220071894	0.08634993942167268	0.06574919393154237	0.3947406444912601	0.1690341735564655	0.20803740713100194	0.22818777482127242	0.0	0.21505804816671797	0.07633244350340217	22.44787253931602
879000	-9273.497060184385	-9296.035120363293	22.538060178908093	-9296.035120363293	0.08728952352076047	0.41100328322746393	0.14463488904398225	0.7825489361204077	0.048825035220071894	0.08634993942167268	0.06574919393154237	0.3947406444912601	0.1690341735564655	0.20803740713100194	0.22818777482127242	0.0	0.21505804816671797	0.09123805085882013	22.568364701648967
880000	-9284.514057783199	-9304.922077900901	20.408020117701366	-9304.922077900901	0.09727507372649095	0.4651523235020652	0.14463488904398225	0.7825489361204077	0.048825035220071894	0.08634993942167268	0.06574919393154237	0.3947406444912601	0.1690341735564655	0.20803740713100194	0.22818777482127242	0.0	0.21505804816671797	0.10662129045016666	20.594135820633518
881000	-9286.129506653315	-9308.9765889668	22.847082313484503	-9308.9765889668	0.09419947637231829	0.4469810798307342	0.14463488904398225	0.7825489361204077	0.048825035220071894	0.08634993942167268	0.033914063430553094	0.3947406444912601	0.1690341735564655	0.20803740713100194	0.22818777482127242	0.0	0.21505804816671797	0.08804376165599417	22.209648520255346
882000	-9275.619333833545	-9298.018071697994	22.398737864449274	-9298.018071697994	0.09006452032815371	0.4343354997357124	0.14463488904398225	0.7825489361204077	0.07404141017447745	0.08634993942167268	0.033914063430553094	0.3947406444912601	0.1690341735564655	0.20803740713100194	0.22818777482127242	0.0	0.21505804816671797	0.05546815930687386	21.697363144986614
883000	-9289.929495089367	-9311.424764577107	21.49526948773856	-9311.424764577107	0.09134272227977758	0.4510533361286975	0.14463488904398225	0.7825489361204077	0.07404141017447745	0.08634993942167268	0.033914063430553094	0.3947406444912601	0.1690341735564655	0.20803740713100194	0.22818777482127242	0.0	0.21505804816671797	0.08738117771167735	21.248365519816993
884000	-9277.735768209917	-9300.330740661531	22.594972451613245	-9300.330740661531	0.09459549155878495	0.4434183442411126	0.14463488904398225	0.7825489361204077	0.07404141017447745	0.08634993942167268	0.033914063430553094	0.3947406444912601	0.1690341735564655	0.20803740713100194	0.22818777482127242	0.0	0.19094756973858268	0.07856707745020215	22.217630853516148
885000	-9280.860474696208	-9303.282355885081	22.421881188873904	-9303.282355885081	0.09394423137842095	0.44638171257742787	0.14463488904398225	0.7825489361204077	0.07404141017447745	0.08634993942167268	0.033914063430553094	0.3947406444912601	0.18384423005317962	0.20803740713100194	0.2133777183245583	0.0	0.19094756973858268	0.08049857845565153	22.018177440480393
886000	-9283.392445880201	-9305.923837515882	22.531391635681246	-9305.923837515882	0.09352891261568042	0.44437600817403605	0.14463488904398225	0.7825489361204077	0.07404141017447745	0.08634993942167268	0.033914063430553094	0.3947406444912601	0.18384423005317962	0.20803740713100194	0.2133777183245583	0.0	0.19094756973858268	0.06528783420189753	21.918254074630713
887000	-9279.099511444107	-9301.31346285739	22.21395141328353	-9301.31346285739	0.09643571191739855	0.4562737534740341	0.14463488904398225	0.7825489361204077	0.07404141017447745	0.08634993942167268	0.033914063430553094	0.3947406444912601	0.18384423005317962	0.20803740713100194	0.2133777183245583	0.0	0.19094756973858268	0.07745824919955775	21.771747210749265
888000	-9280.731831654593	-9300.607972629823	19.876140975229994	-9300.607972629823	0.09367788430625497	0.4546245473152665	0.14463488904398225	0.7825489361204077	0.07404141017447745	0.08634993942167268	0.033914063430553094	0.3947406444912601	0.18384423005317962	0.20803740713100194	0.2133777183245583	0.0	0.19094756973858268	0.13170337537681082	19.964749939209526
889000	-9276.09507220682	-9298.93831274495	22.843240538129308	-9298.93831274495	0.09243253744061516	0.43251834100962094	0.14463488904398225	0.7825489361204077	0.07404141017447745	0.08634993942167268	0.033914063430553094	0.3947406444912601	0.18384423005317962	0.20803740713100194	0.2133777183245583	0.0	0.19094756973858268	0.08447898353641238	22.487800052286083
890000	-9277.861936384628	-9300.270474768095	22.408538383467118	-9300.270474768095	0.09434014955016927	0.44417462516751527	0.14463488904398225	0.7825489361204077	0.07404141017447745	0.08634993942167268	0.033914063430553094	0.3947406444912601	0.18384423005317962	0.20803740713100194	0.2133777183245583	0.0	0.19094756973858268	0.05174954270838476	21.563010705294502
891000	-9277.480220115334	-9300.172117501927	22.691897386591393	-9300.172117501927	0.09370733294338032	0.4354921208880261	0.14463488904398225	0.7825489361204077	0.07404141017447745	0.08634993942167268	0.033914063430553094	0.3947406444912601	0.17908454324179846	0.20803740713100194	0.21813740513593946	0.0	0.19094756973858268	0.09190206046012726	22.433186296593114
892000	-9275.900528697975	-9300.290280468995	24.389751771018503	-9300.290280468995	0.08158488882124725	0.39638768153264636	0.14463488904398225	0.7825489361204077	0.07404141017447745	0.08634993942167268	0.033914063430553094	0.3947406444912601	0.17908454324179846	0.20803740713100194	0.21813740513593946	0.0	0.19094756973858268	0.06748015760550473	23.82215082449732
893000	-9279.082027308375	-9302.402235645719	23.320208337344347	-9302.402235645719	0.08371479209964718	0.41023238400090273	0.14463488904398225	0.7825489361204077	0.07404141017447745	0.08634993942167268	0.033914063430553094	0.3947406444912601	0.17908454324179846	0.20803740713100194	0.21813740513593946	0.0	0.19094756973858268	0.061851586124280836	22.665511540762715
894000	-9283.02839220689	-9302.832351110375	19.803958903484922	-9302.832351110375	0.09704704929580464	0.4548342204201169	0.14463488904398225	0.7332947070006496	0.07404141017447745	0.08634993942167268	0.033914063430553094	0.3947406444912601	0.17908454324179846	0.20803740713100194	0.21813740513593946	0.0	0.19094756973858268	0.13877528232816466	19.893159260717432
895000	-9281.363233514521	-9304.491878219209	23.12864470468853	-9304.491878219209	0.08693147740779658	0.42113619744436165	0.14463488904398225	0.7332947070006496	0.07404141017447745	0.08634993942167268	0.033914063430553094	0.3947406444912601	0.17908454324179846	0.20803740713100194	0.21813740513593946	0.0	0.19094756973858268	0.06988254585394459	22.531805027314675
896000	-9282.74594386965	-9306.037836203273	23.2918923336231	-9306.037836203273	0.08868535944569855	0.42194636639664157	0.14463488904398225	0.891823120670268	0.07404141017447745	0.08634993942167268	0.033914063430553094	0.38867516840413063	0.17908454324179846	0.20803740713100194	0.22420288122306894	0.0	0.19094756973858268	0.06773089630683492	22.821816147596422
897000	-9287.176093535672	-9303.254147492607	16.07805395693547	-9303.254147492607	0.10547861511086848	0.501056775235487	0.14463488904398225	0.891823120670268	0.07404141017447745	0.08634993942167268	0.033914063430553094	0.38867516840413063	0.17908454324179846	0.20803740713100194	0.22420288122306894	0.0	0.19094756973858268	0.197926515094106	16.68033115016
898000	-9287.888528548814	-9310.24900319384	22.360474645024837	-9310.24900319384	0.08890672094562815	0.43726014809771	0.14463488904398225	0.891823120670268	0.07404141017447745	0.08634993942167268	0.033914063430553094	0.38867516840413063	0.17908454324179846	0.20803740713100194	0.22420288122306894	0.0	0.19094756973858268	0.07992261793899723	22.055914903129413
899000	-9277.441266891166	-9300.098994218268	22.657727327100964	-9300.098994218268	0.09268894660960444	0.44271078439247397	0.15675583156869446	0.891823120670268	0.07404141017447745	0.08634993942167268	0.033914063430553094	0.38867516840413063	0.17908454324179846	0.20803740713100194	0.22420288122306894	0.0	0.19094756973858268	0.06658194474959886	22.248207210015416
900000	-9279.726751816277	-9302.585121074919	22.85836925864149	-9302.585121074919	0.08464247298235267	0.4243452153082282	0.15675583156869446	0.7228112099948598	0.07404141017447745	0.08634993942167268	0.033914063430553094	0.38867516840413063	0.17908454324179846	0.20803740713100194	0.22420288122306894	0.0	0.19094756973858268	0.0780400489879996	22.39957348608674
901000	-9283.080512248842	-9305.532579761124	22.452067512282003	-9305.532579761124	0.09416588238604946	0.4562086754269214	0.15675583156869446	0.7228112099948598	0.052677785406438075	0.08634993942167268	0.033914063430553094	0.38867516840413063	0.17908454324179846	0.20803740713100194	0.22420288122306894	0.0	0.19094756973858268	0.07249831781409763	21.594067431354908
902000	-9281.78910325014	-9304.979755791801	23.190652541661528	-9304.979755791801	0.08548835313032756	0.42217167331310584	0.15675583156869446	0.7228112099948598	0.052677785406438075	0.08634993942167268	0.033914063430553094	0.38867516840413063	0.17908454324179846	0.20803740713100194	0.22420288122306894	0.0	0.19094756973858268	0.0764829233304265	22.386156593182495
903000	-9280.56712779363	-9303.545872076433	22.97874428280173	-9303.545872076433	0.08798664764982869	0.4310714785362484	0.15675583156869446	0.7228112099948598	0.052677785406438075	0.08634993942167268	0.033914063430553094	0.38867516840413063	0.17908454324179846	0.20803740713100194	0.22420288122306894	0.0	0.19094756973858268	0.06779446542948156	22.053661403628126
904000	-9276.323626282143	-9299.768792823194	23.44516654104976	-9299.768792823194	0.08850439031970704	0.4158703515020357	0.15675583156869446	0.7228112099948598	0.052677785406438075	0.08634993942167268	0.04941473415794061	0.38867516840413063	0.17908454324179846	0.20803740713100194	0.22420288122306894	0.0	0.19094756973858268	0.07882034247829942	23.029922205043995
905000	-9274.44680223775	-9296.197574276941	21.75077203919061	-9296.197574276941	0.09463189990165799	0.4426074245467394	0.15675583156869446	0.7228112099948598	0.052677785406438075	0.08634993942167268	0.06184053578595249	0.38867516840413063	0.17908454324179846	0.20803740713100194	0.22420288122306894	0.0	0.19094756973858268	0.05413651593545089	21.174203000730458
906000	-9275.637613899033	-9299.149412094373	23.511798195340106	-9299.149412094373	0.08401151211248095	0.40392330808289134	0.15675583156869446	0.7228112099948598	0.052677785406438075	0.08634993942167268	0.06184053578595249	0.38867516840413063	0.17908454324179846	0.20803740713100194	0.22420288122306894	0.0	0.19094756973858268	0.060223822184938235	23.04178821903471
907000	-9276.096062630035	-9298.372752499849	22.276689869814597	-9298.372752499849	0.09259491848480846	0.4498207334517803	0.15675583156869446	0.7228112099948598	0.052677785406438075	0.08634993942167268	0.06184053578595249	0.38867516840413063	0.17908454324179846	0.20803740713100194	0.22420288122306894	0.0	0.19094756973858268	0.07272323043152808	21.995272773870468
908000	-9276.254285475234	-9297.51517193095	21.26088645571661	-9297.51517193095	0.0947724672314311	0.46416522808844884	0.15675583156869446	0.7228112099948598	0.052677785406438075	0.08634993942167268	0.06184053578595249	0.38867516840413063	0.17908454324179846	0.20803740713100194	0.22420288122306894	0.0	0.19094756973858268	0.07919570665396909	21.064730576450618
909000	-9279.829721094484	-9301.527723009782	21.698001915298022	-9301.527723009782	0.08639557634335432	0.42828087199510473	0.15675583156869446	0.7228112099948598	0.0714973417772347	0.08634993942167268	0.06184053578595249	0.38867516840413063	0.17908454324179846	0.20803740713100194	0.22420288122306894	0.0	0.2355248117436838	0.08708840612338166	21.933500022281425
910000	-9276.258602987795	-9297.992943035852	21.734340048057543	-9297.992943035852	0.08978145441658139	0.4450487699803872	0.15675583156869446	0.7228112099948598	0.04639411704200568	0.08634993942167268	0.06184053578595249	0.38867516840413063	0.17908454324179846	0.20803740713100194	0.22420288122306894	0.0	0.2355248117436838	0.09255306337506718	21.61732297829304
911000	-9280.820669331904	-9302.19506287267	21.374393540765883	-9302.19506287267	0.08703543285325958	0.43431827771602116	0.15675583156869446	0.7228112099948598	0.04639411704200568	0.08634993942167268	0.06184053578595249	0.38867516840413063	0.17908454324179846	0.20803740713100194	0.22420288122306894	0.0	0.1722050509975885	0.10434128387193684	21.31394167432111
912000	-9279.099042275759	-9301.51093732455	22.411895048792445	-9301.51093732455	0.09747313185277119	0.4491911272115612	0.15675583156869446	0.7228112099948598	0.04639411704200568	0.08634993942167268	0.06184053578595249	0.38867516840413063	0.17908454324179846	0.20803740713100194	0.22420288122306894	0.0	0.1722050509975885	0.06436855657187775	21.868401342020565
913000	-9277.480582587272	-9298.961873619668	21.48129103239548	-9298.961873619668	0.08912635768184862	0.4394267393489758	0.15675583156869446	0.7228112099948598	0.04639411704200568	0.08634993942167268	0.06184053578595249	0.38867516840413063	0.16838067658978187	0.21874127378301852	0.22420288122306894	0.0	0.1722050509975885	0.09286298950751218	21.338674021002078
914000	-9274.848634226833	-9295.764678048414	20.916043821580505	-9295.764678048414	0.09518737577412036	0.44408731724526557	0.15675583156869446	0.7228112099948598	0.04639411704200568	0.08634993942167268	0.05182923043528869	0.38867516840413063	0.16838067658978187	0.21874127378301852	0.22420288122306894	0.0	0.1722050509975885	0.04425549486312151	19.86350550043846
915000	-9272.427959847362	-9295.17906778031	22.751107932947107	-9295.17906778031	0.08228203928818754	0.40455217675994837	0.15675583156869446	0.7228112099948598	0.04639411704200568	0.08634993942167268	0.05182923043528869	0.38867516840413063	0.16838067658978187	0.21874127378301852	0.22420288122306894	0.0	0.1722050509975885	0.09191263217729133	22.429428545961606
916000	-9274.25518986364	-9295.001445266778	20.746255403138278	-9295.001445266778	0.09593324760798727	0.4592700999969329	0.15675583156869446	0.7228112099948598	0.04639411704200568	0.08634993942167268	0.05182923043528869	0.38867516840413063	0.16838067658978187	0.21874127378301852	0.22420288122306894	0.0	0.2566976625519508	0.11082262997574874	20.696161147225485
917000	-9277.758451992364	-9299.533078981467	21.774626989104007	-9299.533078981467	0.09876657951727263	0.4761414803442323	0.15675583156869446	0.7228112099948598	0.04639411704200568	0.08634993942167268	0.05182923043528869	0.38867516840413063	0.16838067658978187	0.21874127378301852	0.22420288122306894	0.0	0.2566976625519508	0.08268718432651989	21.43166636227333
918000	-9273.855944509212	-9296.791938125854	22.93599361664208	-9296.791938125854	0.08461552242767878	0.4173504272921207	0.15675583156869446	0.7228112099948598	0.04639411704200568	0.08634993942167268	0.05182923043528869	0.38867516840413063	0.16838067658978187	0.21874127378301852	0.22420288122306894	0.0	0.17888104899849508	0.0895571134460095	22.59502831287697
919000	-9277.414963589223	-9300.653012102082	23.2380485128596	-9300.653012102082	0.09215331149784918	0.43105226484099024	0.15675583156869446	0.7228112099948598	0.04639411704200568	0.08634993942167268	0.05182923043528869	0.38867516840413063	0.16838067658978187	0.21874127378301852	0.22420288122306894	0.0	0.17888104899849508	0.07552425773455336	22.726660547424622
920000	-9278.15086174625	-9302.41113456782	24.260272821570595	-9302.41113456782	0.07746211117698076	0.38481675030438894	0.15675583156869446	0.7228112099948598	0.04639411704200568	0.08634993942167268	0.05182923043528869	0.38867516840413063	0.16838067658978187	0.21874127378301852	0.22420288122306894	0.0	0.23504943725492627	0.0762243620615222	23.814280468932747
921000	-9278.092807906622	-9301.851599719295	23.758791812673717	-9301.851599719295	0.09026671852005305	0.413176155520471	0.15675583156869446	0.7228112099948598	0.04639411704200568	0.08634993942167268	0.05182923043528869	0.38867516840413063	0.16838067658978187	0.21874127378301852	0.22420288122306894	0.0	0.23504943725492627	0.060107171549950676	23.075247497723343
922000	-9272.471710613867	-9293.46994274494	20.998232131073213	-9293.46994274494	0.08952665151107589	0.44095601471975315	0.15675583156869446	0.7228112099948598	0.04639411704200568	0.08634993942167268	0.07212490516789004	0.38867516840413063	0.16838067658978187	0.21874127378301852	0.22420288122306894	0.0	0.23504943725492627	0.1082516822752947	21.2189699991109
923000	-9272.70042479899	-9294.682156961679	21.981732162688285	-9294.682156961679	0.0855439517307892	0.42882888069746095	0.15675583156869446	0.7228112099948598	0.04639411704200568	0.08634993942167268	0.07212490516789004	0.38867516840413063	0.16838067658978187	0.227934829958735	0.21500932504735246	0.0	0.23504943725492627	0.0630712799900564	21.66437616083619
924000	-9278.37170231916	-9299.537897330103	21.16619501094346	-9299.537897330103	0.08827824547839451	0.4405075919744918	0.15675583156869446	0.7228112099948598	0.07209576620712861	0.08634993942167268	0.07212490516789004	0.38867516840413063	0.16838067658978187	0.227934829958735	0.21500932504735246	0.0	0.23504943725492627	0.07089908758608161	21.387182748447135
925000	-9271.157816490528	-9291.86470907289	20.706892582362205	-9291.86470907289	0.09101343818109342	0.45118697628825777	0.15675583156869446	0.7228112099948598	0.07209576620712861	0.08634993942167268	0.07212490516789004	0.38867516840413063	0.16838067658978187	0.227934829958735	0.21500932504735246	0.0	0.23504943725492627	0.08745250428883743	21.137718593298583
926000	-9272.34502516483	-9294.491116784722	22.146091619892374	-9294.491116784722	0.08662287373930333	0.41885641384279504	0.15675583156869446	0.7228112099948598	0.07209576620712861	0.08634993942167268	0.07212490516789004	0.38867516840413063	0.16838067658978187	0.227934829958735	0.21500932504735246	0.0	0.23504943725492627	0.07224499569110106	22.385884853769127
927000	-9275.47066172706	-9295.81684194121	20.34618021414939	-9295.81684194121	0.08780546175366027	0.4324665207086725	0.15675583156869446	0.7228112099948598	0.05353384737583025	0.08634993942167268	0.07212490516789004	0.38867516840413063	0.16838067658978187	0.227934829958735	0.21500932504735246	0.0	0.23504943725492627	0.04833770550684812	19.899468957723506
928000	-9276.203907253115	-9299.340706101935	23.136798848819854	-9299.340706101935	0.08600664534474557	0.4158343760635249	0.15675583156869446	0.7228112099948598	0.05353384737583025	0.08634993942167268	0.07212490516789004	0.38867516840413063	0.16838067658978187	0.227934829958735	0.21500932504735246	0.0	0.23504943725492627	0.06551083656933317	22.994091256733782
929000	-9268.056019062771	-9291.019805643959	22.963786581186778	-9291.019805643959	0.08858122725757862	0.41810654964731053	0.13775206478525287	0.7228112099948598	0.05353384737583025	0.08634993942167268	0.07212490516789004	0.38867516840413063	0.16838067658978187	0.227934829958735	0.21500932504735246	0.0	0.23504943725492627	0.07726222619199226	22.861395963473594
930000	-9270.198189059322	-9291.770579795593	21.572390736271835	-9291.770579795593	0.08812696606367007	0.4372862426431156	0.13775206478525287	0.7228112099948598	0.05353384737583025	0.08634993942167268	0.07212490516789004	0.38867516840413063	0.16838067658978187	0.227934829958735	0.21500932504735246	0.0	0.23504943725492627	0.09415548492184753	21.667742458121293
931000	-9270.255251971685	-9292.58543689532	22.330184923635315	-9292.58543689532	0.09003915914122498	0.43585601485510717	0.13775206478525287	0.7228112099948598	0.05353384737583025	0.08634993942167268	0.07212490516789004	0.38867516840413063	0.16838067658978187	0.227934829958735	0.21500932504735246	0.0	0.23504943725492627	0.06759042345695096	22.09405544298531
932000	-9269.148057958992	-9291.14452947214	21.996471513148066	-9291.14452947214	0.09243957651659375	0.44927044728173837	0.13775206478525287	0.7228112099948598	0.05353384737583025	0.08634993942167268	0.07212490516789004	0.38867516840413063	0.16838067658978187	0.227934829958735	0.21500932504735246	0.0	0.23504943725492627	0.07426550819763827	21.854522344810846
933000	-9276.650556974368	-9297.2197298392	20.569172864832083	-9297.2197298392	0.09501530893397392	0.45054443658164256	0.13775206478525287	0.7228112099948598	0.09133220373754106	0.08634993942167268	0.07212490516789004	0.38867516840413063	0.16838067658978187	0.227934829958735	0.21500932504735246	0.0	0.23504943725492627	0.10338739142531375	21.26931979447161
934000	-9275.919005355769	-9297.695132147846	21.776126792077342	-9297.695132147846	0.08734140854627273	0.4257367525627689	0.13775206478525287	0.7228112099948598	0.09133220373754106	0.08634993942167268	0.07212490516789004	0.38867516840413063	0.16838067658978187	0.227934829958735	0.21500932504735246	0.0	0.23504943725492627	0.0683334817240164	22.062190568910584
935000	-9274.481014493975	-9294.287666516535	19.806652022559604	-9294.287666516535	0.08897976996776476	0.43355616584069456	0.17164799715146214	0.7228112099948598	0.09133220373754106	0.08634993942167268	0.07212490516789004	0.38867516840413063	0.16838067658978187	0.227934829958735	0.21500932504735246	0.0	0.23504943725492627	0.12029193961836848	20.87061804260514
936000	-9276.096477367186	-9296.760323272003	20.663845904816718	-9296.760323272003	0.09215982750851959	0.4528038877815265	0.17164799715146214	0.7228112099948598	0.09133220373754106	0.08634993942167268	0.07212490516789004	0.38867516840413063	0.16838067658978187	0.227934829958735	0.21500932504735246	0.0	0.23504943725492627	0.07124956415573465	21.20407900848501
937000	-9270.280266032732	-9291.49005678837	21.209790755638316	-9291.49005678837	0.09229456665127027	0.44110044126133996	0.17164799715146214	0.7228112099948598	0.09133220373754106	0.08634993942167268	0.07212490516789004	0.3915694484099648	0.16838067658978187	0.227934829958735	0.21211504504151824	0.0	0.23504943725492627	0.07250400022670381	21.78587789887027
938000	-9274.210774151263	-9295.61636406249	21.405589911227853	-9295.61636406249	0.09160422712289643	0.44501140501316383	0.17164799715146214	0.7228112099948598	0.04692180356900147	0.08634993942167268	0.07212490516789004	0.3915694484099648	0.16838067658978187	0.227934829958735	0.21211504504151824	0.0	0.23504943725492627	0.09169231632635282	21.579312924744034
939000	-9271.160230024516	-9292.033801440666	20.873571416150455	-9292.033801440666	0.09447278994616541	0.45802035957574516	0.17164799715146214	0.7228112099948598	0.0786268501086538	0.08634993942167268	0.07212490516789004	0.3915694484099648	0.16838067658978187	0.227934829958735	0.21211504504151824	0.0	0.23504943725492627	0.08749826814526204	21.494064594626938
940000	-9270.031888284837	-9290.236502938813	20.204614653975675	-9290.236502938813	0.08963992394670281	0.4382214367105224	0.17164799715146214	0.7228112099948598	0.0786268501086538	0.08634993942167268	0.07212490516789004	0.3915694484099648	0.16838067658978187	0.227934829958735	0.21211504504151824	0.0	0.23504943725492627	0.10846553325348021	21.039921288557526
941000	-9275.102015572573	-9292.75044063108	17.64842505850698	-9292.75044063108	0.08909270455164821	0.4268784866767998	0.17164799715146214	0.7228112099948598	0.0786268501086538	0.08634993942167268	0.07212490516789004	0.3915694484099648	0.16838067658978187	0.227934829958735	0.21211504504151824	0.0	0.23504943725492627	0.16512177126671737	18.90398244582525
942000	-9267.75442987852	-9289.702337562387	21.947907683866394	-9289.702337562387	0.0921696825801166	0.4421886213253553	0.17164799715146214	0.7228112099948598	0.0786268501086538	0.04613093402184228	0.07212490516789004	0.3915694484099648	0.16838067658978187	0.227934829958735	0.21211504504151824	0.0	0.23504943725492627	0.08229316081416253	21.907469824633928
943000	-9275.8742966452	-9297.865047702775	21.990751057576443	-9297.865047702775	0.08582923490228939	0.42338093632502416	0.17164799715146214	0.7228112099948598	0.0786268501086538	0.04613093402184228	0.07212490516789004	0.3915694484099648	0.16838067658978187	0.227934829958735	0.21211504504151824	0.0	0.23504943725492627	0.09835956917680037	22.1286550320658
944000	-9272.029319055182	-9294.986064746707	22.95674569152518	-9294.986064746707	0.0867416122952577	0.4202515826100486	0.17164799715146214	0.7228112099948598	0.0786268501086538	0.04613093402184228	0.07212490516789004	0.3915694484099648	0.16838067658978187	0.227934829958735	0.21211504504151824	0.0	0.23504943725492627	0.06720231311202207	22.71372749698776
945000	-9275.732916732899	-9297.784841413426	22.051924680527737	-9297.784841413426	0.09429262920912714	0.4444673566453041	0.17164799715146214	0.7228112099948598	0.060440546389820424	0.04613093402184228	0.07212490516789004	0.3915694484099648	0.16838067658978187	0.227934829958735	0.21211504504151824	0.0	0.2855553691015933	0.09433955692820774	21.94688628594842
946000	-9280.536608761917	-9300.3666392257	19.830030463783658	-9300.3666392257	0.09406571837739829	0.4683064451805949	0.17164799715146214	0.7228112099948598	0.060440546389820424	0.04613093402184228	0.07212490516789004	0.3915694484099648	0.16838067658978187	0.227934829958735	0.21211504504151824	0.0	0.2855553691015933	0.05075600255003839	19.105121375677253
947000	-9285.819766686649	-9306.691043046432	20.87127635978289	-9306.691043046432	0.0815227389001575	0.43562779650126315	0.17164799715146214	0.7228112099948598	0.060440546389820424	0.04613093402184228	0.07212490516789004	0.3915694484099648	0.16838067658978187	0.227934829958735	0.21211504504151824	0.0	0.2855553691015933	0.0949086630617385	20.772252371564562
948000	-9274.04490898744	-9296.78644450789	22.741535520450544	-9296.78644450789	0.0905118238145502	0.4292600379349316	0.17164799715146214	0.7228112099948598	0.060440546389820424	0.04613093402184228	0.07212490516789004	0.3915694484099648	0.16838067658978187	0.227934829958735	0.21211504504151824	0.0	0.2855553691015933	0.070121896278804	22.339831647592913
949000	-9282.058115143202	-9301.067762302204	19.00964715900157	-9301.067762302204	0.08971197835703956	0.4428950107596293	0.17164799715146214	0.7228112099948598	0.060440546389820424	0.10336373017539173	0.07212490516789004	0.3915694484099648	0.16838067658978187	0.227934829958735	0.21211504504151824	0.0	0.2855553691015933	0.1356254557371802	20.039760411694555
950000	-9276.241291285372	-9297.279078239239	21.037786953865723	-9297.279078239239	0.09305990076621808	0.44219653534328923	0.17164799715146214	0.7228112099948598	0.06935744354496129	0.10336373017539173	0.07212490516789004	0.3915694484099648	0.16838067658978187	0.227934829958735	0.21211504504151824	0.0	0.2855553691015933	0.09165946013367925	21.807707632528277
951000	-9276.001021162898	-9296.604109806405	20.60308864350787	-9296.604109806405	0.09205867172711046	0.4489628742460381	0.17164799715146214	0.7228112099948598	0.06935744354496129	0.10336373017539173	0.07212490516789004	0.3915694484099648	0.16838067658978187	0.227934829958735	0.21211504504151824	0.0	0.2855553691015933	0.059257179956284274	20.936816086356153
952000	-9276.16749810082	-9297.51130132958	21.343803228760038	-9297.51130132958	0.0879466981097086	0.43164964855792426	0.17164799715146214	0.7228112099948598	0.06935744354496129	0.10336373017539173	0.07212490516789004	0.3915694484099648	0.16838067658978187	0.227934829958735	0.21211504504151824	0.0	0.2855553691015933	0.06195032448770483	21.72197656419629
953000	-9280.47343942897	-9303.360869221802	22.88742979283296	-9303.360869221802	0.0782409795456872	0.39006739110498473	0.17164799715146214	0.7228112099948598	0.06935744354496129	0.10336373017539173	0.07212490516789004	0.3915694484099648	0.16838067658978187	0.227934829958735	0.21211504504151824	0.0	0.2855553691015933	0.06336407712263177	23.288167376273286
954000	-9279.308543460309	-9300.04713413097	20.738590670660564	-9300.04713413097	0.09210590425174164	0.44374713891735096	0.17164799715146214	0.7758364061245543	0.06935744354496129	0.10336373017539173	0.07212490516789004	0.3915694484099648	0.16838067658978187	0.227934829958735	0.21211504504151824	0.0	0.2855553691015933	0.09293002082434142	21.59218309831788
955000	-9269.316820976122	-9291.04902577686	21.73220480073738	-9291.04902577686	0.08668200008128105	0.4195971496897404	0.17164799715146214	0.7758364061245543	0.06935744354496129	0.10336373017539173	0.07212490516789004	0.3915694484099648	0.16838067658978187	0.227934829958735	0.21211504504151824	0.0	0.2855553691015933	0.05733834345744125	22.10292005295218
956000	-9276.56187140212	-9297.564269051938	21.00239764981697	-9297.564269051938	0.09161551209478493	0.44845278998594584	0.17164799715146214	0.7758364061245543	0.06935744354496129	0.10336373017539173	0.07212490516789004	0.3915694484099648	0.16838067658978187	0.227934829958735	0.21211504504151824	0.0	0.2855553691015933	0.06138555047198309	21.44131780494385
957000	-9275.700206140258	-9296.346973207816	20.6467670675572	-9296.346973207816	0.09249018254945382	0.4563192644726676	0.17164799715146214	0.7624168850867035	0.06935744354496129	0.10336373017539173	0.07212490516789004	0.3915694484099648	0.16838067658978187	0.227934829958735	0.21211504504151824	0.0	0.2855553691015933	0.07548590151963966	21.275211904839274
958000	-9278.626868650987	-9299.123424704327	20.496556053340957	-9299.123424704327	0.08636956180585444	0.4229269163159497	0.17164799715146214	0.7624168850867035	0.06935744354496129	0.06001764935953653	0.07212490516789004	0.3915694484099648	0.16838067658978187	0.23835222901308897	0.20169764598716428	0.0	0.2855553691015933	0.11707409705299877	21.060100459753944
959000	-9279.073382451603	-9299.240509653235	20.167127201631388	-9299.240509653235	0.10184932379038886	0.47374847565608946	0.17164799715146214	0.7624168850867035	0.06935744354496129	0.06001764935953653	0.07212490516789004	0.3915694484099648	0.16838067658978187	0.23835222901308897	0.20169764598716428	0.0	0.2855553691015933	0.11246716966156134	20.690525919380946
960000	-9279.878973716612	-9300.600730166214	20.721756449603134	-9300.600730166214	0.09223927202905098	0.4624696278061153	0.17164799715146214	0.7624168850867035	0.06935744354496129	0.06001764935953653	0.07212490516789004	0.3915694484099648	0.16838067658978187	0.23835222901308897	0.20169764598716428	0.0	0.2855553691015933	0.06884255147303028	20.754315847999624
961000	-9277.569890058901	-9299.158559890922	21.588669832020425	-9299.158559890922	0.08403809577225813	0.4204194446727991	0.17164799715146214	0.7624168850867035	0.06935744354496129	0.06001764935953653	0.09294629144550386	0.3915694484099648	0.16838067658978187	0.23835222901308897	0.20169764598716428	0.0	0.2855553691015933	0.054414266259529685	21.629056986215552
962000	-9276.022203691366	-9297.201121618165	21.178917926799066	-9297.201121618165	0.09174741977042612	0.4523538319345859	0.17164799715146214	0.7624168850867035	0.06935744354496129	0.06001764935953653	0.05472008743498298	0.3915694484099648	0.16838067658978187	0.23835222901308897	0.20169764598716428	0.0	0.2855553691015933	0.06397562680126881	20.874056876663804
963000	-9275.322658919074	-9298.358738119401	23.036079200325823	-9298.358738119401	0.0877629907247893	0.41215400890278897	0.17164799715146214	0.7624168850867035	0.05714298989223545	0.06001764935953653	0.09909936041731486	0.3915694484099648	0.16838067658978187	0.23835222901308897	0.20169764598716428	0.0	0.2855553691015933	0.06278402772025024	23.09579975319182
964000	-9281.960219241917	-9302.707475231184	20.747255989267284	-9302.707475231184	0.09036231000586964	0.4331793195498366	0.17164799715146214	0.7624168850867035	0.05714298989223545	0.10032199483099107	0.09909936041731486	0.3915694484099648	0.16838067658978187	0.23835222901308897	0.20169764598716428	0.0	0.21947974765206088	0.09609158094934941	21.658591326808587
965000	-9271.848182309639	-9293.767373190143	21.919190880504654	-9293.767373190143	0.08618627950976146	0.4173016635701152	0.17164799715146214	0.7624168850867035	0.06300599703231552	0.10032199483099107	0.09909936041731486	0.3915694484099648	0.16838067658978187	0.23835222901308897	0.20169764598716428	0.0	0.21947974765206088	0.06106710642585843	22.470573710752937
966000	-9285.060703975736	-9305.007145301553	19.946441325816952	-9305.007145301553	0.10018480769035482	0.472470389474693	0.17164799715146214	0.7624168850867035	0.06300599703231552	0.10032199483099107	0.09909936041731486	0.3915694484099648	0.16838067658978187	0.23835222901308897	0.20169764598716428	0.0	0.21947974765206088	0.103166924832901	21.022199097094916
967000	-9280.472032249307	-9300.373392011319	19.90135976201164	-9300.373392011319	0.09787011498411619	0.47645079366542065	0.17164799715146214	0.7624168850867035	0.06300599703231552	0.10032199483099107	0.09909936041731486	0.38087000098836793	0.1790801240113788	0.23835222901308897	0.20169764598716428	0.0	0.21947974765206088	0.09872241328480934	20.83137763421159
968000	-9273.347729539546	-9294.392455872625	21.04472633307844	-9294.392455872625	0.08470382656747771	0.41192875855539024	0.17164799715146214	0.7624168850867035	0.06300599703231552	0.10032199483099107	0.09909936041731486	0.38087000098836793	0.1790801240113788	0.2218581112070316	0.21819176379322164	0.0	0.21947974765206088	0.046821241609466886	21.208090006478912
969000	-9272.449041390319	-9294.03696760687	21.587926216550304	-9294.03696760687	0.08809891726934478	0.42421177216097516	0.17164799715146214	0.7624168850867035	0.06300599703231552	0.10032199483099107	0.09909936041731486	0.38087000098836793	0.1790801240113788	0.2218581112070316	0.21819176379322164	0.0	0.21947974765206088	0.053970066092872526	21.89338247070786
970000	-9275.145962555891	-9296.350434614871	21.204472058980706	-9296.350434614871	0.08897648874386901	0.44189891302064965	0.17164799715146214	0.7624168850867035	0.06300599703231552	0.10032199483099107	0.09909936041731486	0.38087000098836793	0.1790801240113788	0.2218581112070316	0.21819176379322164	0.0	0.21947974765206088	0.07857033804195561	21.88549300149489
971000	-9270.703582834409	-9292.3376842675	21.63410143309181	-9292.3376842675	0.09232412707102475	0.44983128556962954	0.17164799715146214	0.7624168850867035	0.06300599703231552	0.10032199483099107	0.06349326337466527	0.38087000098836793	0.1790801240113788	0.2218581112070316	0.21819176379322164	0.0	0.21947974765206088	0.08192427417193293	21.93043313423921
972000	-9272.332270444947	-9293.657373908358	21.32510346341009	-9293.657373908358	0.09602702641728049	0.4569088079453465	0.17164799715146214	0.7624168850867035	0.06300599703231552	0.06102009404198813	0.06349326337466527	0.38087000098836793	0.1790801240113788	0.2218581112070316	0.21819176379322164	0.0	0.21947974765206088	0.09554254664061086	21.298958648567726
973000	-9271.409681797906	-9293.712286799806	22.30260500190057	-9293.712286799806	0.0835100526852406	0.4162049005109072	0.17164799715146214	0.7624168850867035	0.06300599703231552	0.06102009404198813	0.06349326337466527	0.38087000098836793	0.1790801240113788	0.2218581112070316	0.21819176379322164	0.0	0.21947974765206088	0.05419038418177747	21.709392003307897
974000	-9272.972846009998	-9295.138643331522	22.16579732152471	-9295.138643331522	0.08690579250099553	0.42875807526986304	0.17164799715146214	0.7624168850867035	0.06300599703231552	0.06102009404198813	0.06349326337466527	0.38087000098836793	0.1790801240113788	0.2218581112070316	0.21819176379322164	0.0	0.21947974765206088	0.08570319551788122	22.03097095601151
975000	-9271.774556189506	-9294.26227855441	22.48772236490396	-9294.26227855441	0.09303905981096164	0.4446834724649452	0.17164799715146214	0.7624168850867035	0.06300599703231552	0.06102009404198813	0.06349326337466527	0.38087000098836793	0.1790801240113788	0.2218581112070316	0.21819176379322164	0.0	0.21947974765206088	0.07080293902845232	22.16190639876508
976000	-9274.051866200158	-9297.045312611246	22.993446411088744	-9297.045312611246	0.08910798792434424	0.41759771773254284	0.17164799715146214	0.7624168850867035	0.06300599703231552	0.06102009404198813	0.06349326337466527	0.38087000098836793	0.1790801240113788	0.2218581112070316	0.21819176379322164	0.0	0.21947974765206088	0.05116332353607856	22.342752871577893
977000	-9271.98413141275	-9294.762738781945	22.778607369195807	-9294.762738781945	0.08891889000225774	0.42461797411224556	0.14772956914400942	0.7624168850867035	0.06300599703231552	0.06102009404198813	0.06349326337466527	0.38087000098836793	0.1790801240113788	0.2218581112070316	0.21819176379322164	0.0	0.21947974765206088	0.056273831950223493	22.07816931862552
978000	-9273.209434832705	-9295.131589300829	21.922154468123516	-9295.131589300829	0.08627133849045558	0.4286644725575348	0.14772956914400942	0.7624168850867035	0.0893007986732999	0.06102009404198813	0.06349326337466527	0.39563891799647377	0.1790801240113788	0.2218581112070316	0.20342284678511577	0.0	0.21947974765206088	0.08856552796234257	22.105331461793444
979000	-9267.40555012259	-9290.065151112974	22.659600990385083	-9290.065151112974	0.0871458725147137	0.4224085793306489	0.14772956914400942	0.7624168850867035	0.0893007986732999	0.06102009404198813	0.06349326337466527	0.39563891799647377	0.1790801240113788	0.2218581112070316	0.20342284678511577	0.0	0.21947974765206088	0.0739451220438338	22.662358501155452
980000	-9277.221193251002	-9297.512427250525	20.291233999522845	-9297.512427250525	0.10167428220562964	0.49157800204591756	0.14772956914400942	0.7624168850867035	0.0893007986732999	0.06102009404198813	0.06349326337466527	0.39563891799647377	0.1790801240113788	0.2218581112070316	0.20342284678511577	0.0	0.21947974765206088	0.0912449133382185	20.50421553287828
981000	-9277.728939296148	-9299.269324141107	21.540384844957966	-9299.269324141107	0.08985888322461015	0.43939467201843174	0.14772956914400942	0.8706593557374521	0.0893007986732999	0.06102009404198813	0.06349326337466527	0.39563891799647377	0.1790801240113788	0.2218581112070316	0.20342284678511577	0.0	0.21947974765206088	0.08883622678620262	21.858145221401145
982000	-9278.413138298058	-9299.38169527798	20.968556979922027	-9299.38169527798	0.08875914929454588	0.4302688477084405	0.20141949083483326	0.8706593557374521	0.0893007986732999	0.06102009404198813	0.06349326337466527	0.39563891799647377	0.1790801240113788	0.2218581112070316	0.20342284678511577	0.0	0.21947974765206088	0.05590519665268309	21.123055227883903
983000	-9274.97878095927	-9296.754178485398	21.775397526126902	-9296.754178485398	0.08671552473583123	0.42823561671689375	0.20141949083483326	0.8706593557374521	0.0893007986732999	0.06102009404198813	0.06349326337466527	0.39563891799647377	0.1790801240113788	0.2218581112070316	0.20342284678511577	0.0	0.21947974765206088	0.06748327396336297	22.118118208910513
984000	-9278.041199274368	-9300.05211473673	22.010915462363077	-9300.05211473673	0.08549851144516171	0.4188264633006935	0.20141949083483326	0.8706593557374521	0.055342799603023976	0.10573061481886042	0.051668152894085995	0.38863317606923714	0.1790801240113788	0.2218581112070316	0.21042858871235237	0.0	0.21947974765206088	0.07542314690785931	22.28866130382518
985000	-9277.011379164727	-9298.641256848234	21.629877683505786	-9298.641256848234	0.09495392076411913	0.45436395481360137	0.20141949083483326	0.8706593557374521	0.055342799603023976	0.10573061481886042	0.051668152894085995	0.37470055384018397	0.1790801240113788	0.2218581112070316	0.22436121094140554	0.0	0.21947974765206088	0.08859344682905239	21.985760511199917
986000	-9276.830072409217	-9298.032236602288	21.20216419307178	-9298.032236602288	0.09125254568547492	0.44531890913822597	0.20141949083483326	0.8706593557374521	0.09169279430938214	0.10573061481886042	0.051668152894085995	0.37470055384018397	0.1790801240113788	0.2218581112070316	0.22436121094140554	0.0	0.21947974765206088	0.07557243502895807	21.882368102839308
987000	-9276.351388389774	-9297.322760660018	20.97137227024362	-9297.322760660018	0.0874562856050728	0.436776276296831	0.20141949083483326	0.8706593557374521	0.09169279430938214	0.10573061481886042	0.051668152894085995	0.37470055384018397	0.1790801240113788	0.2218581112070316	0.22436121094140554	0.0	0.21947974765206088	0.08226588279321399	21.736441054205507
988000	-9277.779249069476	-9299.48905361723	21.709804547754757	-9299.48905361723	0.09014005315755243	0.4352141895697227	0.20141949083483326	0.8706593557374521	0.09169279430938214	0.10573061481886042	0.051668152894085995	0.37470055384018397	0.1790801240113788	0.2218581112070316	0.22436121094140554	0.0	0.21947974765206088	0.0747490445337616	22.379053286876523
989000	-9279.701632801052	-9299.253369895509	19.551737094456783	-9299.253369895509	0.09148248560724302	0.43126239017862955	0.20141949083483326	0.8706593557374521	0.09169279430938214	0.10573061481886042	0.051668152894085995	0.37470055384018397	0.1790801240113788	0.2218581112070316	0.22436121094140554	0.0	0.21947974765206088	0.1300130839379045	20.774484494613812
990000	-9277.147720151585	-9298.874389415074	21.726669263488546	-9298.874389415074	0.08476024229054542	0.41506203948625453	0.20141949083483326	0.8706593557374521	0.09169279430938214	0.10573061481886042	0.06623242991846305	0.37470055384018397	0.1790801240113788	0.2218581112070316	0.22436121094140554	0.0	0.21947974765206088	0.05888476674566797	22.39473262439784
991000	-9281.716690033394	-9302.023183498792	20.306493465397622	-9302.023183498792	0.09115055226463552	0.4535153122075866	0.20141949083483326	0.8706593557374521	0.09169279430938214	0.10573061481886042	0.06623242991846305	0.37470055384018397	0.1790801240113788	0.2218581112070316	0.22436121094140554	0.0	0.21947974765206088	0.06734139001245718	21.108749453430978
992000	-9277.086144284902	-9297.879211468286	20.79306718338461	-9297.879211468286	0.08681525693995101	0.42958676738490614	0.16087761976782003	0.8706593557374521	0.09169279430938214	0.10573061481886042	0.06623242991846305	0.37470055384018397	0.1790801240113788	0.2218581112070316	0.22436121094140554	0.0	0.21947974765206088	0.09721814065563025	21.744942743439033
993000	-9278.53429740219	-9300.234722167377	21.700424765187037	-9300.234722167377	0.09965164983104968	0.4709529387862206	0.16087761976782003	0.8706593557374521	0.09169279430938214	0.058632668335681926	0.06623242991846305	0.37470055384018397	0.1790801240113788	0.2218581112070316	0.22436121094140554	0.0	0.21947974765206088	0.06869533768986749	21.740192191509273
994000	-9278.529138243439	-9300.830903703723	22.301765460284795	-9300.830903703723	0.0954066540559439	0.45078383557221685	0.16087761976782003	0.8706593557374521	0.09169279430938214	0.058632668335681926	0.06623242991846305	0.37470055384018397	0.1790801240113788	0.2218581112070316	0.22436121094140554	0.0	0.21947974765206088	0.060769790575891235	22.218944354423392
995000	-9279.753470520669	-9301.324500471363	21.571029950693113	-9301.324500471363	0.09127491561935777	0.44786809236611247	0.16087761976782003	0.9147190492867895	0.09169279430938214	0.058632668335681926	0.06623242991846305	0.37470055384018397	0.1790801240113788	0.2218581112070316	0.22436121094140554	0.0	0.21947974765206088	0.07256840000376732	21.714746450200018
996000	-9275.66001945431	-9296.348111033398	20.688091579088564	-9296.348111033398	0.08783432968206156	0.4353761825865267	0.16087761976782003	0.9147190492867895	0.09169279430938214	0.058632668335681926	0.06623242991846305	0.37470055384018397	0.1790801240113788	0.2218581112070316	0.22436121094140554	0.0	0.21947974765206088	0.10964095551321228	21.24448949957686
997000	-9276.185356061995	-9297.539213366139	21.353857304144544	-9297.539213366139	0.09494060151265851	0.4524922225584721	0.16087761976782003	0.8361868916171739	0.09169279430938214	0.058632668335681926	0.06623242991846305	0.37470055384018397	0.1790801240113788	0.2218581112070316	0.22436121094140554	0.0	0.21947974765206088	0.06145701253542735	21.2421789933681
998000	-9270.836868147466	-9293.311123573374	22.4742554259084	-9293.311123573374	0.08922814770712721	0.42077739118064333	0.16087761976782003	0.8361868916171739	0.09169279430938214	0.058632668335681926	0.06623242991846305	0.37470055384018397	0.1790801240113788	0.2218581112070316	0.22436121094140554	0.0	0.21947974765206088	0.08615944043557885	22.700438706232656
999000	-9275.435380328543	-9297.486607861918	22.051227533375798	-9297.486607861918	0.10127186995554188	0.45207188720897773	0.16087761976782003	0.8361868916171739	0.09169279430938214	0.058632668335681926	0.06623242991846305	0.37470055384018397	0.1790801240113788	0.2218581112070316	0.22436121094140554	0.0	0.21947974765206088	0.0858560987370702	22.273883899626945
1000000	-9275.756509541272	-9297.515089334627	21.758579793355082	-9297.515089334627	0.09286344589480416	0.4419077993716888	0.16087761976782003	0.8361868916171739	0.09169279430938214	0.058632668335681926	0.0945086592074483	0.37470055384018397	0.1790801240113788	0.2218581112070316	0.22436121094140554	0.0	0.21947974765206088	0.08392247958546428	22.299029848079247
